product,hundred energy (kcal),hundred protein (g),hundred total fat (g),hundred saturated fat (g),hundred trans fat (g),hundred carbohydrate (g),hundred dietary fiber (g),hundred sugars (g),hundred sodium (mg),per serve,serve energy (kcal),serve protein (g),serve total fat (g),serve saturated fat (g),serve trans fat (g),serve carbohydrate (g),serve dietary fiber (g),serve sugars (g),serve sodium (mg)
BP_100191,,,,,,,,,,32.5 克 g,165,7.6,9.2,5.9,0.5,13,,13,109
BP_100303,47,0,0,0,0,11.4,,11.4,71,/,,,,,,,,,
BP_100339,25,0,0,0,0,6.2,,6.2,30,/,,,,,,,,,
BP_100467,,,,,,,,,,15ml,120,0,14,1,0,0,0,0,0
BP_100918,348,9,0,0,0,77.6,0,0,3,/,,,,,,,,,
BP_101009,88,0.3,0.1,0,0,19.7,1.6,18.6,4,127g,112,0.4,0.1,0,0,25,2,23.6,5
BP_101010,88,0.3,0.1,0,0,19.7,1.6,18.6,4,127g,112,0.4,0.1,0,0,25,2,23.6,5
BP_101016,78,0,0,0,0,19.5,0,16.9,0,/,,,,,,,,,
BP_101018,70,0,0,0,0,17.7,0,15.3,0,140 g,94,0,0,0,0,24.8,1.3,21.4,0
BP_101019,70,0,0,0,0,17.7,0,15.3,0,/,,,,,,,,,
BP_101025,72,0.4,0,0,0,18,0,15.4,5,127g,91,0.5,0,0,0,22.9,0,19.6,6
BP_101026,73,0.4,0.1,0,0,16.8,1,16.6,5,127g,93,0.5,0.1,0,0,21.3,1.3,21.1,6
BP_101027,72,0.4,0,0,0,18,0,15.4,5,127g,91,0.5,0,0,0,22.9,0,19.6,6
BP_101047,164,11.6,10.2,4.5,0.2,5.6,1.98,0.67,897,/,,,,,,,,,
BP_101048,164,11.6,10.2,4.5,0.2,5.6,1.98,0.67,897,/,,,,,,,,,
BP_101057,290,15,25,10,0,1.5,,0,1200,/,,,,,,,,,
BP_101058,290,15,25,10,0,1.5,,0,1200,/,,,,,,,,,
BP_101062,287,8.1,20.6,8.2,0,17.4,,0,620,/,,,,,,,,,
BP_101070,262,15,20,8,0,5.5,,0.5,1200,/,,,,,,,,,
BP_101078,180,9,13,5.2,0,7.1,,1,900,/,,,,,,,,,
BP_101087,177,13.8,9.9,3.4,0,8.2,,2.5,657,/,,,,,,,,,
BP_101088,183,10.9,11,4.5,0,10.2,,0.5,430,/,,,,,,,,,
BP_101104,212,13.7,14,5.6,0.05,7.9,0.3,0,620,/,,,,,,,,,
BP_101314,,,,,,,,,,15ml,31,0.3,0,0,0,7.4,0,7.1,720
BP_101405,78,4.7,0.64,0,0,12.5,3.7,4.7,240,200g,156,9.4,1.28,0,0,25,7.4,9.4,480
BP_101415,85,4.6,0.3,0.1,0,15.7,,5.7,500,,,,,,,,,,
BP_101424,85,5.5,0.3,0,0,17,5.8,2.5,290,130g,111,7.2,0.3,0,0,22.1,7.6,3.3,377
BP_101427,85,5.4,1.9,0,0,11.5,2.3,3.8,300,130g,110,7,2.5,0,0,15,3,5,390
BP_101451,53,0.9,0.7,0.6,0,10.7,1.1,4.8,295,130g,69,1.2,1,0.8,0,13.9,1.5,6.2,384
BP_101452,70,2,0.5,0,0,13,3,4,190,130g,91,2.6,0.7,0,0,16.9,3.9,5.2,247
BP_101457,52,1.9,0.5,0.1,0,9.9,1,3.2,292,130g,68,2.5,0.7,0.1,0,12.9,1.3,4.2,380
BP_101458,47,1.7,0.7,0.2,0,8.6,1.3,0,159,130g,61,2.2,0.9,0.3,0,11.2,1.7,0,207
BP_101471,,,,,,,,,,126g,30,1,0,0,0,7,1,6,210
BP_102084,43,0,0,0,0,7,0,5.5,5,,,,,,,,,,
BP_102108,69,0.5,0,0,0,16.8,1.3,13.5,23,240ml,166,1.2,0,0,0,40.3,3.1,32.4,55
BP_102193,218,0,0,0,0,53.4,,52.2,2,40ml,87,0,0,0,0,21.4,,20.9,3
BP_102239,350,87.4,0,0,0,0,0,0,350,,,,,,,,,,
BP_102309,,,,,,,,,,100ml,25,0,0,0,0,6.2,,6.1,0
BP_102310,,,,,,,,,,100ml,20,0,0,0,0,5,,4.9,5
BP_102311,,,,,,,,,,100ml,25,0,0,0,0,6.2,,6,15
BP_102346,823,0,91.3,6.1,0,0,0,0,0,,,,,,,,,,
BP_102602,1,0,0,0,0,0,0,0,0.4,,,,,,,,,,
BP_102604,3,0,0,0,0,0,0,0,0.4,,,,,,,,,,
BP_102606,2,0,0,0,0,0,0,0,0.4,,,,,,,,,,
BP_102607,1,0,0,0,0,0.1,0,0,1.2,,,,,,,,,,
BP_102609,2,0,0,0,0,0,0,0,0.4,,,,,,,,,,
BP_102724,161,3.6,0.8,0,0,34.9,,27.6,5260,,,,,,,,,,
BP_103136,577,18,50.8,12.8,0,13.5,,3.3,663,,,,,,,,,,
BP_103157,365,19.4,31.8,6.4,0,0.3,,0,828,,,,,,,,,,
BP_103158,365,19.4,31.8,6.4,0,0.1,,0,800,,,,,,,,,,
BP_103160,133,14.8,7.4,1.9,0,1.7,,1,631,,,,,,,,,,
BP_103288,,,,,,,,,,1g,3,0.1,0.1,0.1,0,0.3,0,0.1,169
BP_103314,,,,,,,,,,30g,110,2.9,0.4,0,0,22.2,,0.3,0
BP_103318,348,9,1.2,0,0,77.6,2.4,3,0,,,,,,,,,,
BP_103331,,,,,,,,,,40g,110,1.4,1.1,0.5,0,23.3,,12.9,176
BP_103396,339,6.6,1.1,0.4,0,77.5,1.8,0,0,,,,,,,,,,
BP_103550,113,3.5,1.3,0.6,0,21.8,,2,430,,,,,,,,,,
BP_103554,,,,,,,,,,100ml,30,0,0,0,0,6.8,,6.6,10
BP_103592,360,0,0,0,0,0,0,0,25,,,,,,,,,,
BP_103747,214,0,1.1,0,0,49.4,,53.9,62,50g,107,0,0,0,0,24.7,0,27,31
BP_104156,74,4.4,0.5,0,0,12.9,4.9,5.8,307,,,,,,,,,,
BP_104164,,,,,,,,,,57 g,207,9.7,5,3.2,0,30.7,0.5,2.1,1073
BP_104208,810,0,90,12.2,0,0,0,0,0,15.5 ml,,,,,,,,,
BP_104259,450,10.9,19.6,12.7,0,57.4,,2.3,1779,,,,,,,,,,
BP_104260,445,11.3,18.8,12.2,0,57.7,,2.2,1380,,,,,,,,,,
BP_104463,370,0,0,0,0,90.3,,85,0,,,,,,,,,,
BP_104483,,,,,,,,,,5ml,4,0.4,0,0,0,0.4,,0.3,355
BP_104487,400,17.1,11.9,3.6,0,56.3,8.3,1.6,2233,70 g,280,12,8.3,2.5,0,39.4,5.8,1.1,1563
BP_104489,104,0.8,0,0,0,24.6,1,21.3,1100,,,,,,,,,,
BP_104817,,,,,,,,,,5ml,5,0.4,0,0,0,0.9,0,0.9,418
BP_104882,27,4.6,0,0,0,2.1,0,,502,,,,,,,,,,
BP_105122,503,7.3,24.2,15.1,0.6,66.1,,31.1,345,,,,,,,,,,
BP_105357,486,0.1,55,14.8,0.2,0.2,,0.1,340,,,,,,,,,,
BP_105584,,,,,,,,,,82 g,324,13.7,9.3,2.8,0,46.2,6.4,1.6,1757
BP_105590,150,10.9,3.9,0,0,67.5,49.9,1.9,25,,,,,,,,,,
BP_105592,254,15.6,0,0,0,65.2,41.8,3.9,26,,,,,,,,,,
BP_105593,250,22.9,3,0.6,0,52.4,20.4,8.5,379,,,,,,,,,,
BP_105605,361,8.3,5.8,2.8,0,66.3,2.8,6,1520,120g,227,8,6.5,3.1,0,33.1,1.2,6.7,715
BP_105614,,,,,,,,,,103g,469,11.3,21.1,9.8,0,58.2,,3.2,1936
BP_105651,505,12.8,24.7,10.4,0.2,59.5,,25,267,,,,,,,,,,
BP_105853,16,0.98,0.66,0.21,0,1.59,,0.35,687,,,,,,,,,,
BP_105866,109,0.8,0.2,0,0,28.1,1.1,23.9,1800,,,,,,,,,,
BP_105879,,,,,,,,,,17.3g,26,0,0,0,0,6.5,0,5.6,63
BP_105914,72,2,1,0,0,14,,7,2768,,,,,,,,,,
BP_105954,,,,,,,,,,10 ml,13,0.1,0,0,0,3,,2.9,664
BP_105956,,,,,,,,,,10 g,10,2,0.2,0,0,0.1,,0,873
BP_105957,,,,,,,,,,10 g,14,0.5,0,0,0,2.9,,2.1,438
BP_105958,,,,,,,,,,10 g,14,0.5,0,0,0,2.9,,2.1,438
BP_105962,252,4.8,23.6,2.6,0,4.5,,2.3,5968,,,,,,,,,,
BP_105970,,,,,,,,,,10 g,12,0.2,0,0,0,2.7,,2.1,458
BP_105981,,,,,,,,,,,120,8.1,4.1,1.8,0,12.6,,12.6,108
BP_106025,362.7,0.6,34,5.2,0.4,12.6,0,8.8,699.8,,,,,,,,,,
BP_106031,,,,,,,,,,100g,453,9.5,19.5,9,0,59.5,,1.9,1804
BP_106065,705,0.6,76,11.5,0.9,2,0,2,549,,,,,,,,,,
BP_106078,105,1.2,0.4,0,0,23,2,18,908,,,,,,,,,,
BP_106085,110,1,0.7,0,0,24.5,0,23.9,1030,17g,19,0,0,0,0,4.2,0,4.1,175
BP_106101,900,0,100,13.5,0,0,0,0,0,,,,,,,,,,
BP_106119,,,,,,,,,,5ml,3,0.3,0,0,0,0.3,,0.2,362
BP_106149,24.5,0.1,0,0,0,1.6,0.1,1.6,6,,,,,,,,,,
BP_106156,13,0,0,0,0,0,0,0,0,,,,,,,,,,
BP_106157,13,0,0,0,0,0,0,0,0,,,,,,,,,,
BP_106191,153,6.7,11,0.7,0,6.2,0,0,2200,,,,,,,,,,
BP_106234,117,1.3,0,0,0,25.9,1.2,20.9,799,,,,,,,,,,
BP_106238,113,1.1,0.6,0,0,26.7,0,19.6,1500,,,,,,,,,,
BP_106342,,,,,,,,,,100g,285,13,25,8,0,2,,2,670
BP_106393,,,,,,,,,,125 g,533,10,18,8.8,0,82,,3.6,2330
BP_106909,62.9,4.2,0.2,0,0,10.8,4.5,2.8,164,,,,,,,,,,
BP_107306,115,1.8,0.1,0,0,26.7,0.4,22.9,3713,17g,20,0.3,0,0,0,4.5,0.1,3.9,631
BP_107824,351,7.7,1.3,0.5,0,75.3,2.3,18.8,905,105g,178,3.9,0.7,0.2,0,37.8,1.2,9.6,485
BP_108007,26.3,1,0,0,0,5.6,,0,0,552g,135,5.1,0,0,0,28.7,,0,0
BP_108107,241,20.2,14.7,10.1,0.7,7,,5.1,1550,20.8g,50,4.2,3.1,2.1,0.1,1.5,,1.1,322
BP_108127,493.6,22,38,13.4,0,15.9,,15.7,2180,,,,,,,,,,
BP_108371,399,0,0,0,0,99.7,,99.7,0,,,,,,,,,,
BP_108378,353,9.7,1.6,0.3,0,72.7,,1.8,4,40g,141,3.9,0.6,0.1,0,29.1,,0.7,2
BP_108379,341,9.4,1.4,0.3,0,70.4,,1.4,850,40g,136,3.8,0.6,0.1,0,28.2,,0.6,340
BP_108479,267,2.9,12.5,5.6,0,35.7,,8.8,44,,,,,,,,,,
BP_108639,,,,,,,,,,1g,3,0.5,0,0,0,0.3,0,0,112
BP_108642,,,,,,,,,,1g,1,0,0,0,0,0.3,0,0,214
BP_108993,359,13.5,1,0.3,0,74,,3.5,12,,,,,,,,,,
BP_109008,,,,,,,,,,75g,322,8.3,12.8,5.6,0,43.3,,4.4,1197
BP_109028,,,,,,,,,,80g,269,10.2,2,0.6,0,54.5,1.9,2.9,2043
BP_109078,,,,,,,,,,102 g,458,9.9,21.1,8.6,0,57.2,,3.1,1417
BP_109113,229,12,2.9,0.5,0,38.6,7.1,0.7,299,45g,100,5.4,1.3,0.3,0,17.4,3.2,0.3,135
BP_109168,77,5,3.3,0.6,0,6.9,,3.1,720,,,,,,,,,,
BP_109169,73.2,3.9,2.8,1,0,8.1,,6,985,,,,,,,,,,
BP_109354,461,11.5,21.3,13.8,0,55.7,,1.8,1379,,,,,,,,,,
BP_109714,212,13.7,14,5.6,0.05,7.9,0.3,0,620,,,,,,,,,,
BP_109822,,,,,,,,,,5ml,4,0.2,0,0,0,0.7,,0.5,340
BP_109828,,,,,,,,,,5g,3,0.1,0.1,0,0,0.3,,0.3,177
BP_109872,350,6.5,0.9,0,0,79.9,0,0,0,,,,,,,,,,
BP_110132,,,,,,,,,,18.2g,55,1.7,3.3,0.7,0,6.3,1.7,3.7,582
BP_110136,,,,,,,,,,80g,273,9.7,2.5,1.8,0,54.6,1.7,2.7,1924
BP_110402,215,22,12,4,0,3,,0,390,,,,,,,,,,
BP_110410,270,2.6,23.7,2.8,0.4,9.19,,4.7,3195,,,,,,,,,,
BP_110472,31,1.4,0.4,0.22,0,5.5,,0.01,520,,,,,,,,,,
BP_110653,,,,,,,,,,75g,326,9.2,12.9,8.4,0,43.2,,3.2,1478
BP_110708,,,,,,,,,,10 g,12,0.06,0,0,0,2.9,,2.4,458
BP_110710,,,,,,,,,,1g,3,0.1,0.1,0.1,0,0.3,0,0.1,169
BP_110812,,,,,,,,,,35g,128,7.1,0.7,0.5,0,23.3,,13.9,96.3
BP_110819,,,,,,,,,,1g,3,0.1,0.1,0.1,0,0.3,0,0.1,170
BP_110857,,,,,,,,,,26g,100,0.9,1.1,0.5,0,21.8,,15.4,79
BP_110971,460,11.1,20.3,10.4,0,58.2,,2.9,2230,,,,,,,,,,
BP_111036,,,,,,,,,,,,,,,,,,,
BP_111057,332,11,3.3,0,0,64.8,,0,0,,,,,,,,,,
BP_111139,,,,,,,,,,10 ml,23,0.2,0,0,0,5.5,,5,537
BP_111317,510,23.3,28.8,20,1.4,38.8,,36.7,300,,,,,,,,,,
BP_111345,85,4.6,0.3,0.1,0,15.7,,5.7,500,,,,,,,,,,
BP_111524,90,1.2,0,0,0,21.3,,15.5,1000,,,,,,,,,,
BP_111538,350,14.6,3,1,,66.2,,2.5,474,,,,,,,,,,
BP_111597,290,23.2,18.7,5.1,0,7.2,,4.2,943,,,,,,,,,,
BP_111838,390,14.7,0,0,0,0.07,,70.4,250,0.085 g,0.3,0.01,0,0,0,0.07,,0.06,0.21
BP_111846,512,8,25.6,11.8,0.1,62.5,,2.2,913,,,,,,,,,,
BP_111961,,,,,,,,,,10 g,7,0.2,0.1,0,0,1.2,,1.1,432
BP_111962,,,,,,,,,,10 g,16,0.9,0.7,0.1,0,1.4,,1.1,621
BP_111965,,,,,,,,,,10 g,12,0.06,0,0,0,2.9,,2.4,458
BP_112039,,,,,,,,,,10 ml,8,0.7,0,0,0,1.3,,1.1,905
BP_112040,,,,,,,,,,10 ml,7,0.7,0,0,0,1,,0.3,708
BP_112188,822,0,91,14,0,0,,0,0,,,,,,,,,,
BP_112209,,,,,,,,,,0.6g,0,0,0,0,0,0,0,0,47
BP_112269,68,4.6,0.2,0.1,0,12.1,3.5,12,82,33g,22,1.5,0.1,0,0,4,1.2,4,27
BP_112360,170,16.3,10.8,3.8,0,2,,1.3,280,,,,,,,,,,
BP_112387,375,5.6,17.4,9,0,49.1,,29.6,206,,,,,,,,,,
BP_112527,196,3,17,12,0,3,0,1,25,,,,,,,,,,
BP_112554,510,8.4,23.8,9.6,0.2,63.4,,12.8,337,,,,,,,,,,
BP_112580,,,,,,,,,,5 ml,4,0.4,0,0,0,0.7,,0.5,327
BP_112582,,,,,,,,,,5 ml,3,0.2,0,0,0,0.6,,0.5,364
BP_112612,,,,,,,,,,5 ml,12,0.1,0,0,0,3,,1.2,196
BP_112679,,,,,,,,,,5ml,4,0.2,0,0,0,0.7,0,0.6,508
BP_112719,,,,,,,,,,5ml,4,0.2,0,0,0,0.8,0,0.7,395
BP_112802,398,1.9,0,0,0,97.7,,96,3.64,1 g,4,0.02,0,0,0,0.97,,0.96,0.04
BP_112824,62,2,1.5,0.3,0,10,,9.5,10,,,,,,,,,,
BP_112915,347,7,1,0,0,77.2,,0,0,,,,,,,,,,
BP_112923,52,1,0,0,0,12,1,11,7,,,,,,,,,,
BP_112987,206,11.9,12.9,5.1,0,10.4,,0,622,,,,,,,,,,
BP_113052,,,,,,,,,,10 g,25,0.1,0.1,0,0,6,,5.9,452
BP_113271,70,0,0,0,0,17.5,,13.8,0,,,,,,,,,,
BP_113428,4.3,1.1,0,0,0,0,,0,1580,200g,8.84,2.2,0,0,0,0,,0,3160
BP_113433,211,11.4,14.7,5.6,0,8.3,,0,610,,,,,,,,,,
BP_113436,241,9.8,17.5,6.2,0,11,,1,613,,,,,,,,,,
BP_113613,228.5,6.3,1.2,0,0,47.3,,16,13536,,,,,,,,,,
BP_113795,127,11.8,8.4,1.4,0,0.8,,0.7,2770,,,,,,,,,,
BP_113796,127,11.8,8.4,1.4,0,0.8,,0.7,2770,,,,,,,,,,
BP_113865,,,,,,,,,,250g,208,13.3,9,3,0,18.5,,5.3,945
BP_113884,32,0,0,0,0,7.5,,7.5,7,,,,,,,,,,
BP_113972,52.6,2.3,0,0,0,6.8,,5.1,380,,,,,,,,,,
BP_113998,212,13.7,14,5.6,0.05,7.9,0.3,0,620,,,,,,,,,,
BP_114080,,,,,,,,,,75g,258,9.7,0,0,0,54.2,0,1.4,47
BP_114082,,,,,,,,,,57g,196,6.9,0.4,0,0,42.7,1.5,0,560
BP_114160,371,16.4,2.1,0.4,0,62.6,,2.4,62,,,,,,,,,,
BP_114337,,,,,,,,,,45 g,153,2.8,0.3,0.1,0,36,1,0,0
BP_114342,,,,,,,,,,45g,160,3,0,0,0,36,1,0,0
BP_114363,513.9,7.2,27.8,12.5,0,58.8,0,26.4,150,28g,143.9,2,7.8,3.5,0,16.5,0,7.4,42
BP_114397,72,12.6,0.9,0.2,0,3.5,,0,1440,,,,,,,,,,
BP_114512,245.88,15.29,20,3.53,0,1.18,1.18,1.18,610.59,,,,,,,,,,
BP_114513,125.38,7.69,8.46,1.54,0,4.62,2.31,2.31,575.38,,,,,,,,,,
BP_114515,42.31,1.54,2.31,0.77,0,3.85,0.77,1.54,675.38,,,,,,,,,,
BP_114607,,,,,,,,,,10ml,6,0.6,0,0,0,0.8,,0.2,708
BP_114827,42.1,0,0,0,0,10.2,0.5,10.2,10,,,,,,,,,,
BP_114828,41.1,0.5,0.1,0,0,9.3,0.2,7.6,1,200ml,82,1,0.2,0,0,18.7,0.4,15.1,2
BP_114873,,,,,,,,,,55g,180,13,13,3,0,3,1,1,880
BP_114966,0,0,0,0,0,0,,0,39000,,,,,,,,,,
BP_115062,,,,,,,,,,56g,180,7,16,6,0,1,0,1,420
BP_115091,,,,,,,,,,100ml,20,0,0,0,0,5,,4.8,0
BP_115117,,,,,,,,,,5ml,4,0.3,0,0,0,0.7,0,0.7,493
BP_115119,,,,,,,,,,5ml,7,0.2,0,0,0,1.4,0,0.9,532
BP_115139,,,,,,,,,,15ml,41,0.1,3.1,0.5,0,3.2,0.1,2,107
BP_115177,,,,,,,,,,100ml,20,0,0,0,0,5,,4.8,0
BP_115211,,,,,,,,,,100ml,20,0,0,0,0,5,,4.8,0
BP_115236,121,2.7,8.1,2.2,0,8.5,,1.3,359,,,,,,,,,,
BP_115238,118,2.1,8.8,1.9,0,6.7,,1.4,450,,,,,,,,,,
BP_115299,,,,,,,,,,100ml,20,0,0,0,0,5,,4.8,0
BP_115364,,,,,,,,,,112g,489,10.3,20.9,9.4,0,65,,6.8,2128
BP_115411,164,11.6,10.2,4.5,0.2,5.6,1.98,0.67,897,,,,,,,,,,
BP_115569,301,9,13.8,6.7,0,35.2,,0.7,1140,,,,,,,,,,
BP_115570,294,8.5,15,7.3,0,31.2,,0.8,1200,,,,,,,,,,
BP_115607,69,0.5,0,0,0,16.8,1.3,13.5,23,240ml,166,1.2,0,0,0,40.3,3.1,32.4,55
BP_115636,,,,,,,,,,100ml,27,0,0,0,0,6.8,,6.5,0
BP_115681,104,1.2,6.2,0.6,0.56,7.7,,6.4,352,,,,,,,,,,
BP_115706,34,0,0,0,0,8.4,,4.5,22,,,,,,,,,,
BP_115908,311,8.5,25,9.9,0,12.9,,3.1,619,,,,,,,,,,
BP_115989,,,,,,,,,,35g,130,7.1,0.7,0.5,0,23.9,,13.9,96.3
BP_115992,349,7.6,1,0,0,77.3,,0,9,,,,,,,,,,
BP_116092,117,9.7,0,0,0,15.1,,9.8,6780,15ml,18,1.5,0,0,0,2.3,,1.5,1017
BP_116118,,,,,,,,,,65g,229,5.7,2.8,1.2,0,45.2,,2.2,1560
BP_116154,,,,,,,,,,10g,60,1.6,5.7,0.9,0,0.5,,0.5,157
BP_116155,,,,,,,,,,10 g,28,0.4,2.2,0.4,0.1,1.6,,1.1,145
BP_116348,280,6.4,26.25,9.6,0.1,5,1.6,0.2,953,,,,,,,,,,
BP_116351,,,,,,,,,,5ml,4,0.6,0.04,0,0,0.4,0,0.1,609
BP_116362,349,7.8,0.4,0.2,0,78.5,0.7,0.1,0,,,,,,,,,,
BP_116368,,,,,,,,,,100ml,20,0,0,0,0,5,,4.8,0
BP_116510,,,,,,,,,,100ml,20,0,0,0,0,5,,4.8,0
BP_116567,188,2.15,17,12.4,0,2.6,0.2,1,15,,,,,,,,,,
BP_116593,,,,,,,,,,18.9g,36,1.9,1.6,0.14,0,4.4,0.8,3.4,1247
BP_116594,,,,,,,,,,19.2g,37,1.3,0.9,0.1,0,6.8,0.9,4.3,1052
BP_116595,,,,,,,,,,20.1g,57,0.2,0.2,0,0,13.7,0,11.2,568
BP_116671,,,,,,,,,,84g,90,19,2,0,0,1,0,0,450
BP_116672,,,,,,,,,,84g,90,19,2,0,0,1,0,0,450
BP_116680,,,,,,,,,,,,,,,,,,,
BP_116741,,,,,,,,,,65g,288,6.3,11,5.2,0,41.9,2,2.9,1638
BP_116742,,,,,,,,,,65g,289,6.7,11.1,5.3,0,41.5,2.1,4,1541
BP_116743,,,,,,,,,,65g,289,6.7,11.1,6.2,0,41.5,1.8,2.5,1541
BP_116746,,,,,,,,,,65g,285,6.4,10.2,5,0,42.8,2,4.5,1703
BP_116754,,,,,,,,,,30g,120,8.1,4.1,1.8,0,12.6,,12.6,108
BP_116773,,,,,,,,,,10 g,60,1.6,5.7,0.9,0.1,0.5,,0.5,157
BP_116774,,,,,,,,,,10 g,64,1.5,6,1,0.2,0.9,,0.7,171
BP_116776,538,17.4,45.8,6.8,0,30.3,16.3,3.6,44,20 g,108,3.5,9.2,1.4,0,6.1,3.3,0.7,9
BP_116806,,,,,,,,,,20g,85,1.5,3,1.3,0,13.5,0.9,2.4,12
BP_117115,,,,,,,,,,15ml,123,0,7,2,0,0,0,0,0
BP_117119,106,6.1,0,0,0,18.2,3,9.1,61,30g,32,1.8,0,0,0,5.5,0.9,2.7,18
BP_117372,221,10.1,17.8,5.7,0,5.1,,0.9,698,,,,,,,,,,
BP_117406,,,,,,,,,,80g,300,6.2,0,0,0,68.9,0,68.5,276
BP_117573,503,6.3,21.9,14.2,0.1,68.7,,34.3,135,,,,,,,,,,
BP_117651,,,,,,,,,,237 ml,148,0,0,0,0,37,0,35,12
BP_117749,,,,,,,,,,10 g,58,1.4,5.5,1,0,0.8,,0.4,157
BP_117750,,,,,,,,,,10g,58,1.4,5.5,1,0,0.8,,0.4,157
BP_117847,352,6.5,1,1,0,80.5,0.5,0,10,,,,,,,,,,
BP_117848,353,6.7,1,1,0,80.5,0.5,0,15,,,,,,,,,,
BP_118122,,,,,,,,,,10 g,14,0.2,0,0,0,3.2,,2.7,444
BP_118179,33.3,1.3,1.3,0,0,4,2,2,638,,,,,,,,,,
BP_118219,545,5.1,31.2,12.3,0,59.6,,3.2,1560,,,,,,,,,,
BP_118240,355,12.5,1.5,0.3,0,71.7,3,1,2,,,,,,,,,,
BP_118257,70,0,0,0,0,17.7,0,15.3,0,,,,,,,,,,
BP_118258,79,0,0,0,0,20,0,19.8,0,,,,,,,,,,
BP_118451,171,7.2,6.7,1.1,0,27.1,2.4,23.4,5300,18g,31,1.3,1.2,0.2,0,4.9,0.4,4.2,954
BP_118496,,,,,,,,,,1.4g,0,0,0,0,0,0,,0,490
BP_118498,296,10.4,2.1,0.6,0,42.4,,0,5,,,,,,,,,,
BP_118681,,,,,,,,,,75g,319,9.2,11.8,5.1,0,43.9,,4.3,1530
BP_118700,354,0,0,0,0,89.2,1.7,0,7,,,,,,,,,,
BP_118902,,,,,,,,,,15ml,123,0,13.7,2,0,0,0,0,0
BP_118906,,,,,,,,,,15ml,120,0,14,3,1,0,0,0,0
BP_118907,,,,,,,,,,15ml,120,0,14,2,0,0,0,0,0
BP_118931,,,,,,,,,,10 g,13,0.4,0.2,0,0,2.4,,1.9,334
BP_118932,,,,,,,,,,10 g,65,1.2,5.6,2.4,0,2.4,,1.7,115
BP_119130,900,0,100,4.9,0.1,0,0,0,0,12g,108,0,12,0.6,0,0,0,0,0
BP_119216,,,,,,,,,,15ml,49,0.1,4,0.6,0,3,0.1,1.6,102
BP_119258,56,0,0,0,0,13.9,,13.9,44,,,,,,,,,,
BP_119625,,,,,,,,,,43g,159,1.6,1.3,0.8,0,35.1,,18.7,315
BP_119639,,,,,,,,,,5g,32,0.1,3.5,0.6,0,0.1,,0.1,138
BP_119770,340,16.7,30.3,4,0,0,0,0,398,,,,,,,,,,
BP_119821,,,,,,,,,,80 g,293,11,5,1,0,51,0,2,1008
BP_120007,,,,,,,,,,30g,80,2.5,1.5,0.5,0,14.1,,2.2,146
BP_120011,275,9.2,4.9,1,0,48.6,,5.4,489,50g,138,4.6,2.5,0.5,0,24.3,,2.7,245
BP_120033,356,9.7,14.7,4.6,0,46,,12.4,474,85g,303,8.2,12.5,3.9,0,39.1,,10.5,403
BP_120035,341,6.9,15.4,7.1,0,43.2,,12.5,403,85g,200,5.9,13.1,6,0,36.7,,10.6,343
BP_120154,397,1.7,16.3,11.2,0,59.8,2.1,12.2,5732,,,,,,,,,,
BP_120206,50,4.3,2.9,0.7,0,2.2,0,1,280,,,,,,,,,,
BP_120210,24,4,0.8,0,0,0,0,0,214,,,,,,,,,,
BP_120211,27,3.6,0.6,0,0,1.9,0,0,186,,,,,,,,,,
BP_120662,191,13.4,12.8,4.68,0,5.6,,0,741,,,,,,,,,,
BP_120764,,,,,,,,,,100 毫升 ml,50,4.7,3,0.6,0,1,,1,31
BP_120975,,,,,,,,,,5ml,42,0,4.7,0.7,0.1,0,,0,0
BP_121596,,,,,,,,,,80g,384,9.8,14.9,5.2,0,52.9,1.5,2.8,1182
BP_121604,,,,,,,,,,5g,4,0.2,0,0,0,0.8,0,0.5,126
BP_121897,,,,,,,,,,5g,15,0,0.5,0,0,2,0,0,160
BP_122794,,,,,,,,,,15ml,120,0,14,3,0.2,0,0,0,0
BP_123083,,,,,,,,,,15ml,120,0,14,2,0,0,0,0,0
BP_123088,396,2.7,6.4,5,0,80.8,,67.3,22,,,,,,,,,,
BP_123395,,,,,,,,,,10 ml,27,0.3,0.1,0,0,6.3,,5.4,448
BP_123783,,,,,,,,,,109g,347,5.2,11.3,4.3,0,56.1,,2.1,1780
BP_123785,,,,,,,,,,91g,395,10.1,20.5,13.3,0,42.6,,4.2,1662
BP_123912,14,0.9,0,0,0,2.6,0,1.9,175,,,,,,,,,,
BP_123923,,,,,,,,,,73g,321,9.9,13,6.1,0,41,,1.8,1635
BP_123941,399,0,0,0,0,99.3,,99.1,0,,,,,,,,,,
BP_123949,380,0,0,0,0,94.9,,93.8,71,,,,,,,,,,
BP_124031,118,5.3,7.7,2,0,6.8,0,0.7,264,,,,,,,,,,
BP_124087,348,7.6,1,0,0,77.3,,0,9,,,,,,,,,,
BP_124114,78,0.1,0,0,0,19,0,0,18280,,,,,,,,,,
BP_124356,375,7.5,0.8,0.4,0,84.4,1.6,0,7,50 g,187,3.7,0.4,0.2,0,42.2,0.8,0,4
BP_124495,363,11.3,1.9,0.4,0,73.5,3.4,1.9,0,,,,,,,,,,
BP_124530,,,,,,,,,,35g,128,7.1,0.7,0.5,0,23.3,,13.9,96.3
BP_124569,,,,,,,,,,43g,160,2,1.5,0.9,0,33.3,,18,365
BP_124627,590,21.4,52.5,4,0,8.8,9.9,4.6,19,28.35g,169,6.1,15,1.1,0,2.5,2.8,1.3,5
BP_124647,,,,,,,,,,120g,542,12,25.8,12.2,0,65.3,,7.3,3260
BP_124652,438.1,6.6,11.2,4.1,0,77.7,,16.9,393,,,,,,,,,,
BP_124653,476,9.7,19.5,8,0,66.7,,0,496,,,,,,,,,,
BP_124745,257,1.8,10.8,3.3,0.2,42.5,3.5,1.7,1565,,,1.8,,3.3,2,42.5,3.5,17,1565
BP_124831,,,,,,,,,,5ml,7,0.2,0,0,0,1.7,0,1.7,387
BP_124894,349,11.6,0.97,0.33,0,71,,3.1,472,,,,,,,,,,
BP_124895,349,11.6,0.97,0.33,0,71,,3.1,472,,,,,,,,,,
BP_125088,,,,,,,,,,5 ml,7,0.4,0,0,0,1.2,,1,315
BP_125091,,,,,,,,,,10 g,26,0.6,2.1,0.4,0.1,1.1,,0.9,427
BP_125092,,,,,,,,,,5ml,1,0,0,0,0,0.1,,0,0
BP_125122,353,12,2,0.5,0,71.7,3,3.5,5,,,,,,,,,,
BP_125144,473,7.1,22.9,10.5,0,59.6,,30.4,109,,,,,,,,,,
BP_125248,334,0,0,0,0,82.9,,77.4,6.4,,,,,,,,,,
BP_125339,,,,,,,,,,15ml,120,0,14,2,0.1,0,0,0,0
BP_125415,169,0.5,0,0,0,41.8,,38.8,1230,,,,,,,,,,
BP_125534,,,,,,,,,,10 ml,10,0.9,0,0,0,1.5,,1.1,496
BP_125619,296,2.1,12.5,7.6,0,44.3,0,11.2,11,,,,,,,,,,
BP_125655,,0,0.9,0.2,0,29.2,15,,4,,,,,,,,,,
BP_125706,71,3,1.5,1.2,0,11.2,,11,64,,,,,,,,,,
BP_125744,,,,,,,,,,15ml,131,0,14.5,1.9,0.1,0,0,0,0
BP_125796,356,9.6,1.4,0.3,0,76.3,0.3,0.3,3,,,,,,,,,,
BP_125811,36,2.9,0.4,0.2,0,5.3,,0,650,,,,,,,,,,
BP_125838,26,1.5,0.8,0,0,4.3,,0.7,0.3,,,,,,,,,,
BP_125853,26,0,0,0,0,6.6,,6.6,49,,,,,,,,,,
BP_125889,342,7,1.3,0,0,76.4,,0,13,,,,,,,,,,
BP_125947,85.3,0,0,0,0,19.4,,16,9,,,,,,,,,,
BP_125955,,,,,,,,,,122g,539,11.7,23.9,10.6,0,69.4,,6.4,3150
BP_126065,30.1,0.8,0,0,0,4.7,,4.3,975,,,,,,,,,,
BP_126141,,,,,,,,,,5ml,4,0.3,0,0,0,0.7,0,0.7,493
BP_126852,430,6.3,9.5,3.7,0,79.9,,17.5,431,,,,,,,,,,
BP_126862,433,10.8,24.4,14,1.2,43.3,,7,474,35g,151,3.8,8.5,4.9,0.4,15.1,,2.4,166
BP_126889,559.3,0,63.1,16.5,0.57,0,,0,450,10g,55.9,0,6.3,1.7,0.06,0,,0,45
BP_127007,,,,,,,,,,10 g,12,0.9,0.7,0.1,0,0.5,,0.5,772
BP_127008,,,,,,,,,,10 g,14,0.5,0.9,0.2,0,0.9,,0.5,613
BP_127009,,,,,,,,,,5 ml,12,0.2,0.1,0,0,2.6,,2.2,275
BP_127011,,,,,,,,,,5 ml,1,0,0,0,0,0.2,,0.2,51
BP_127145,0,0,0,0,0,0,0,0,39000,,,,,,,,,,
BP_127191,0,0,0,0,0,0,0,0,40000,,,,,,,,,,
BP_127216,825,0,91.7,12.2,0.5,0,0,0,0,,,,,,,,,,
BP_127457,,,,,,,,,,15ml,120,0,14,3,0.1,0,0,0,0
BP_127458,,,,,,,,,,15ml,120,0,14,2,0.2,0,0,0,0
BP_127459,,,,,,,,,,15ml,120,0,14,1,0,0,0,0,0
BP_127603,57,4.7,0,0,0,7,0,3.3,878,,,,,,,,,,
BP_127604,52,4.3,0,0,0,8,0,3.4,891,,,,,,,,,,
BP_127608,90,18.2,0.6,0,0,3.1,0.8,0,517,,,,,,,,,,
BP_127609,340,16.7,30.3,54,0,0,0,0,398,,,,,,,,,,
BP_127707,24,1.1,0.2,0,0,3.8,1.5,3.5,12,,,,,,,,,,
BP_127800,,,,,,,,,,10 ml,24,0.3,0,0,0,5.6,,5.4,342
BP_127887,,,,,,,,,,107g,458,10,17.4,7.4,0,65.4,,4.6,3135
BP_128001,,,,,,,,,,10 ml,17,0.1,0,0,0,4,,3.4,476
BP_128269,36,5.9,0.9,0,0,1,0,0,263,,,,,,,,,,
BP_128302,40,2,3.3,0.6,0,0.7,0,0.4,757,,,,,,,,,,
BP_128303,54,1.8,4.7,1.1,0,1.2,0,0.4,735,,,,,,,,,,
BP_128381,,,,,,,,,,100ml,4,0.3,0.2,0.1,0,0.3,0,0.3,219
BP_128434,262.9,2.7,19.8,8.9,0,16.9,4,15.4,2230,44g,115,1.2,8.7,3.9,0,7.4,1.8,6.8,981
BP_128436,208,6.2,16,6.8,0,10.1,0.4,8.5,1160,58.7ml,122,3.6,9.4,4,0,5.9,0.2,5,681
BP_128520,,,,,,,,,,15ml,120,0,14,1,0,0,0,0,0
BP_128568,400,0,0,0,0,99.8,,99.8,0,,,,,,,,,,
BP_128664,305,17.3,24.8,17.1,1.2,3.1,,2.1,1570,20.8g,63,3.6,5.2,3.6,0.2,0.6,,0.4,327
BP_128668,425,23.3,36.2,21.7,1.8,0,0,0,716,,,,,,,,,,
BP_128670,241,20.2,14.7,10.1,0.7,7,,5.1,1550,20.8g,50,4.2,3.1,2.1,0.1,1.5,,1.1,322
BP_129496,265,8.8,4.6,2,0,47.1,,6.3,375,30g,79,2.6,1.4,0.6,0,14.1,,1.9,113
BP_129497,300,8.6,7.1,3.2,0,50.5,,24,441,45g,135,3.9,3.2,1.4,0,22.7,,10.8,198
BP_129813,,,,,,,,,,25ml,1.97,0.02,0,0,0,0.47,0,0.43,3.5
BP_130425,286,11.8,4.9,2.4,0,47.8,,5.3,521,55g,157,6.5,2.7,1.3,0,26.3,,2.9,287
BP_130606,,,,,,,,,,100ml,4,0.3,0.2,0.1,0,0.3,0,0.3,219
BP_130634,,,,,,,,,,236ml,136,10.1,3.2,2.1,0,16.5,1,16.5,130
BP_131022,60,3.4,0.7,0,0,14.2,4.2,3.8,15,,,,,,,,,,
BP_131102,320,12.5,11.8,6,0,39,,3.1,11240,,,,,,,,,,
BP_131422,425,0,47.2,12.4,0.42,1.9,,0,350,10g,42.5,0,4.7,1.2,0.04,0.19,,0,35
BP_131799,,,,,,,,,,15ml,120,0,14,2,0.1,0,0,0,0
BP_131963,,,,,,,,,,15ml,120,0,14,2,0,0,0,0,0
BP_132069,,,,,,,,,,10g,14,0.5,0,0,0,2.9,,2.1,438
BP_132072,,,,,,,,,,5ml,6,0.5,0,0,0,0.7,,0.6,317
BP_132076,15,1.8,0.18,0.04,0,2.47,,0,284,,,,,,,,,,
BP_132085,26,0,0,0,0,6.6,,6.6,49,,,,,,,,,,
BP_132231,149,3.8,1,0.3,0,30.8,,0.5,8,,,,,,,,,,
BP_132240,178,3.7,1.1,0.4,0,36.8,3.2,0.5,8,,,,,,,,,,
BP_132265,,,,,,,,,,5 ml,5,0.4,0,0,0,0.7,,0.5,327
BP_132277,136,8.9,3.5,0.5,0,8.2,18,0.1,12,,,,,,,,,,
BP_132478,400,0,0,0,0,99.8,,99.8,0,,,,,,,,,,
BP_132479,400,0,0,0,0,99.8,,99.8,0,,,,,,,,,,
BP_132480,400,0,,0,0,99.8,,99.8,0,,,,,,,,,,
BP_132481,400,0,0,0,0,99.8,,99.8,0,,,,,,,,,,
BP_132571,373,0,0,0,0,93,,87.2,6,,,,,,,,,,
BP_133106,157,5.1,0.8,0.2,0,31.4,1.7,0.6,12,,,,,,,,,,
BP_133232,,,,,,,,,,15ml,120,0,13.7,1.5,0,0,0,0,0
BP_134067,60,3.2,2.3,0.4,0,6.5,,6,10,,,,,,,,,,
BP_134700,,,,,,,,,,45g,153,2.8,0.3,0.1,0,36,1,0,0
BP_134710,252,4.8,23.6,2.6,0,4.5,,2.3,5968,,,,,,,,,,
BP_134941,58,4.5,1.5,0.9,0,7.1,,7.1,66,,,,,,,,,,
BP_135187,,,,,,,,,,236 毫升 ml,108,5,4.7,1.5,0,11.4,,10.2,47
BP_135196,,,,,,,,,,15ml,120,0,14,1,0,0,0,0,0
BP_135240,,,,,,,,,,215 g,328,3.7,6,2.4,0,69.2,2.2,2,1218
BP_135244,149,2.7,2.7,0.5,0,32.1,1,2.6,675,215 g,321,5.7,5.7,1,0,69.2,2.2,5.5,1452
BP_135585,896,0,99.5,15.6,0,0,0,0,0,9g,81,0,9,1.4,0,0,0,0,0
BP_135804,288,10,16,9.5,0.5,25.5,,5.5,600,35 g,,,,,,,,,
BP_135985,299,8.5,5.2,2,0,53.7,1.9,2.5,400,,,,,,,,,,
BP_136244,,,,,,,,,,15g,110,2.1,10.7,2.5,0,1.4,0.9,0.5,68
BP_136444,396,0,0,0,0,98.7,,98.4,0,,,,,,,,,,
BP_136717,,,,,,,,,,82 g,310,14.2,8.3,1.5,0,47,2.4,2.1,1476
BP_136868,108,2.5,0.4,0,0,23.7,0,22.2,4772,17g,18,0.4,0.1,0,0,4,0,3.8,811
BP_137007,375,14.1,35.4,6.8,0,0.1,,0,448,,,,,,,,,,
BP_137009,130,14.5,7.2,1.8,0,1.8,,1.1,637,,,,,,,,,,
BP_137101,,,,,,,,,,120g,500,12,15,8,0,79,,4,1880
BP_137968,,,,,,,,,,240ml,120,0,0,0,0,29,,26,25
BP_138116,,,,,,,,,,10 g,18,0.7,0.8,0.1,0,2,,1.7,472
BP_138702,,,,,,,,,,25ml,33.88,0.02,0.03,0,0,8.37,0,7.11,7.31
BP_139114,810,0,90,7.3,0,0,0,0,0,15.5 ml,,,,,,,,,
BP_139160,219,8.6,3.9,0,0,62.5,32.9,5.1,43,,,,,,,,,,
BP_139161,208,75,6.7,0,0,72.4,43.3,3.9,25,,,,,,,,,,
BP_139253,7,0.5,0.5,0.3,0,0.5,0,0,368,,,,,,,,,,
BP_139321,,,,,,,,,,200 g,304,9.3,1,0.2,0,64.4,3,1.7,299
BP_139323,,,,,,,,,,180 g,273,8.4,0.9,0,0,58,2.7,1.5,299
BP_139329,447,10.4,17.7,8.6,0,61.2,4.8,7.8,3616,,,,,,,,,,
BP_139330,464,8.1,23.2,11.1,0,55.8,,3.7,2020,,,,,,,,,,
BP_139748,423,23.4,36.8,22.1,1.8,0,0,0,704,,,,,,,,,,
BP_140144,154,9,10,3.1,0,7,,0.5,700,,,,,,,,,,
BP_140185,180,13,13,3.2,0,2.8,,0.1,800,,,,,,,,,,
BP_140535,87,3,1.5,1,0,15.4,0.7,18,53,135 g,118,4.1,2,1.3,0.1,20.8,0.9,18,72
BP_140880,,,,,,,,,,5g,10,0.3,0.5,0,0,3,2,0,0
BP_141463,559,30.23,49.05,8.65,,10.71,6,1.4,7,,,,,,,,,,
BP_142456,,,,,,,,,,19.8g,49,0.6,0.3,0,0,11.4,0.4,10.4,535
BP_142524,,,,,,,,,,1.0g,2,0.2,0,0,0,0.3,0,0.2,175
BP_142792,,,,,,,,,,45g,160,3,1.5,0,0,34,2,0,0
BP_143474,476,4.7,46,5.3,,9.8,5,5.5,1300,47.5g,226,2.2,21.9,2.5,,4.7,2.4,2.6,618
BP_143856,187,3.9,17.8,7.2,0.1,2.8,,2.7,2525,,,,,,,,,,
BP_144857,396,2.1,14.5,10.2,0,62.6,3.2,25.2,4120,,,,,,,,,,
BP_144911,339,6.6,1.1,0.4,0,77.5,1.8,0,0,,,,,,,,,,
BP_144996,,,,,,,,,,72g,301,2,12.2,3.7,0,49.8,3.9,2.2,1760
BP_145383,55,5,3.3,0.6,0,1.4,,0.9,10,,,,,,,,,,
BP_146483,62.9,4.2,0.2,0,0,10.8,4.5,2.8,164,,,,,,,,,,
BP_146546,,,,,,,,,,100ml,20,0,0,0,0,5,,4.8,0
BP_146583,211,13.6,14.2,5,0,7.1,,0,745,,,,,,,,,,
BP_146674,,,,,,,,,,240ml,18,1.2,0.5,0.2,0,1.9,0.3,0.6,725
BP_146761,211,13.6,14.2,5,0,7.1,,0,745,,,,,,,,,,
BP_146875,211,13.6,14.2,5,0,7.1,,0,745,,,,,,,,,,
BP_147071,380,12,9.8,4.1,0.1,67,,8,1400,,,,,,,,,,
BP_147074,,,,,,,,,,19.4g,44,0.8,2.7,0.2,0,5.2,0.9,3.1,1111
BP_147109,,,,,,,,,,8g,14,0.4,1.1,0.4,0,0.6,0,0.6,663
BP_147129,,,,,,,,,,8g,18,0.3,1.2,0.8,0,1.6,0,0.9,534
BP_147154,,,,,,,,,,8g,12,0.4,0.9,0.4,0.1,0.6,0,0.6,591
BP_147680,353,12.5,2,0.5,0,71.2,3,3.5,5,,,,,,,,,,
BP_148248,,,,,,,,,,10 g,14,0.5,0,0,0,2.9,,2.1,438
BP_148886,,,,,,,,,,,,,,,,,,,
BP_149178,,,,,,,,,,55g,195,5,2.2,1,0,37.9,,8.2,698
BP_149194,43,0.9,2.8,0.3,0,2.4,,2.2,2360,,,,,,,,,,
BP_149263,114,9.7,0,0,0,14.6,,8.3,5164,,,,,,,,,,
BP_149694,,,,,,,,,,45 g,152,8.1,0.1,0,0,29.8,0.2,0.7,837
BP_150007,349,7.6,1,0,0,77.3,,0,9,,,,,,,,,,
BP_150028,358,7.4,1.7,0,0,77.2,,0,0,,,,,,,,,,
BP_150307,90,5.7,0.2,0,0,16.8,5,1,358,130g,117,7.4,0.2,0,0,21.9,6.6,1.3,466
BP_150309,85,5.4,0.8,0,0,17.8,4.7,2.3,481,130g,111,7.1,1,0,0,23.2,6,3,625
BP_150310,79,4.7,0.8,0,0,13.4,4.7,0.8,299,130g,102,6.1,1,0,0,17.4,6.1,1,389
BP_150313,26,0,0,0,0,6.6,,6.6,49,,,,,,,,,,
BP_150370,,,,,,,,,,215g,361,5.5,8,3.7,0,66.6,2.6,4.3,2837
BP_150373,,,,,,,,,,215g,360,4.8,8.3,3.8,0,67.8,2.8,4.3,2853
BP_15038,358,0,0,0,0,88.7,0.9,3.4,0,,,,,,,,,,
BP_150412,,,,,,,,,,70g,250,3.7,3.6,1.7,0,50.7,,1,1659
BP_150417,,,,,,,,,,33g,136,3.7,5.1,2.4,0,18.8,,0.8,891
BP_15045,547,24.2,42.6,8.4,0,16.8,6.8,3.1,0,,,,,,,,,,
BP_150470,,,,,,,,,,56g,110,8.7,7.7,2.8,0,1.2,0,0.8,390
BP_150471,,,,,,,,,,56g,140,5,13,4.5,0,1,0,1,440
BP_150614,255,11,3.3,1,0,38.3,,0.6,44,,,,,,,,,,
BP_150615,255,11,3.3,1,0,38.3,,0.6,44,,,,,,,,,,
BP_150634,313,75.3,8.4,2.3,0,48.7,,0,25,,,,,,,,,,
BP_150635,233,23,4.1,2.2,0,10.1,,1.7,76,,,,,,,,,,
BP_150638,265,9,4.3,1.6,0,26.4,,4.1,25,,,,,,,,,,
BP_150639,292,26.6,5.5,1.4,0,23.9,,7.3,452,,,,,,,,,,
BP_150849,,,,,,,,,,10 g,64,1.4,6.2,1.1,0,0.6,,0.3,149
BP_150944,364.5,0,0,0,0,90.2,1.1,0,6,,,,,,,,,,
BP_150961,,,,,,,,,,57 g,207,9.7,5,3.2,0,30.7,0.5,1.1,1073
BP_150985,810,0,90,7.3,0,0,0,0,0,15.5 ml,,,,,,,,,
BP_151272,400,0,0,0,0,99.7,,99.5,0,,,,,,,,,,
BP_151275,400,0,0,0,0,99.8,,99.2,0,,,,,,,,,,
BP_151326,,,,,,,,,,42.5 g,154,4.7,0.6,0,0,32.9,0,1,235
BP_151498,,,,,,,,,,5 ml,42,0,4.7,0.7,0.1,0,,0,0
BP_151554,0,0,0,0,0,0,0,0,25300,5g,0,0,0,0,0,0,0,0,1265
BP_151846,,,,,,,,,,126g,15,1,0,0,0,3,1,2,130
BP_151847,356,13.2,20.6,5.2,0,29.5,,5.3,665,,,,,,,,,,
BP_152023,,,,,,,,,,5 ml,6,0.4,0,0,0,1.2,,1,315
BP_152024,,,,,,,,,,10g,23,0.3,1.6,0.3,0,1.8,,1.3,533
BP_152034,214,0,1.1,0,0,49.4,0,53.9,62,50g,107,0,0.6,0,0,24.7,0,27,31
BP_152153,,,,,,,,,,80 g,282,9.8,4.4,0.7,0,50.9,0.2,2.5,1438
BP_152480,,,,,,,,,,1g,0.3,0.047,0,0,0,0.026,0,0,340
BP_152533,218,23,14,2.9,0,0,,0,400,,,,,,,,,,
BP_152543,48,0,0,0,0,12.1,0,11.7,11,,,,,,,,,,
BP_152611,,,,,,,,,,100ml,820,0,92,13,0,0,,0,0
BP_152639,,,,,,,,,,74g,287,0,0,0,0,72.4,,68.3,515
BP_152937,453,4.9,44.6,6.4,0.3,6.6,2.7,3.5,1320,,,,,,,,,,
BP_153297,,,,,,,,,,45g,160,3,0,0,0,36,0,0,0
BP_153463,819,0,91,18,0,0,0,0,0,,,,,,,,,,
BP_153628,36,0,0,0,0,8,,7.5,0,,,,,,,,,,
BP_153631,,,,,,,,,,10 g,29,0.2,1.8,1,0,2.9,,2.1,354
BP_153632,,,,,,,,,,10 g,21,0.3,1.3,0.4,0.1,2,,1.5,413
BP_153633,,,,,,,,,,5ml,3,0.2,0,0,0,0.6,,0.5,396
BP_153722,238,11.4,18.5,5.3,0,6.5,,0,1025,198g,471,22.6,36.6,10.5,0,12.9,,0,2029
BP_154247,56,0,0,0,0,13.7,,12.2,5,250ml,140,0,0,0,0,34.3,,30.5,13
BP_154373,,,,,,,,,,10 g,23,0.2,0.2,0,0,5.1,,4.6,256
BP_154374,41,0.6,1,0.5,0,7.4,,2.9,228,,,,,,,,,,
BP_154375,120,9.9,0,0,0,9.8,,3.8,3808,15ml,,,,,,,,,
BP_154390,,,,,,,,,,80 g,304,9.6,8.4,2.4,0,47.5,0,0.6,1422
BP_154616,168,1.3,17.3,2.54,0,6.4,4.7,1.7,1.2,,,,,,,,,,
BP_154945,0,0,0,0,0,1.4,1,,38702,,,,,,,,,,
BP_154946,13,1,0,0,0,3.8,2.6,0,44462,,,,,,,,,,
BP_154947,283,11,5.5,0,0,68.9,21.6,0,9,,,,,,,,,,
BP_154974,,,,,,,,,,5ml,3,0.1,0,0,0,0.6,0,0.5,260
BP_154975,,,,,,,,,,5ml,6,0.1,0,0,0,1.3,0,1.3,458
BP_155338,,,,,,,,,,1g,3,0.1,0.1,0.1,0,0.3,0,0.1,169
BP_155447,30,0,0,0,0,7.4,,7.4,25,,,,,,,,,,
BP_155602,343,16.2,1.7,0.5,0,68.7,3.1,0.6,550,,,,,,,,,,
BP_155604,358,15.8,1.6,0.5,0,72.8,2.6,0,905,,,,,,,,,,
BP_155706,,,,,,,,,,10 ml,6,0.1,0,0,0,0.9,,0.9,279
BP_155767,90,4,1.4,0.8,0,15,,14,40,,,,,,,,,,
BP_155789,479,8.4,22.1,11.2,0,65.1,,3.4,895,,,,,,,,,,
BP_156009,97,1.1,6,0.9,0,8.5,,5.4,288,,,,,,,,,,
BP_156011,262,3.9,22.3,1.6,0,5.6,8.1,0.7,1920,,,,,,,,,,
BP_156129,,,,,,,,,,17g,15,0,0,0,0,4,,3,160
BP_156407,9,0.1,0,0,0,1.2,,1.2,80,,,,,,,,,,
BP_156408,8,0.2,0,0,0,0.6,,0.6,40,,,,,,,,,,
BP_156411,15,0.3,0,0,0,2,,0.8,140,,,,,,,,,,
BP_156592,101,7.5,0.6,0.1,0,13.3,6.4,0.2,12,,,,,,,,,,
BP_156594,97,6.5,0.8,0.1,0.1,12.9,6.2,0.3,12,,,,,,,,,,
BP_156604,27,0.8,0.9,0.1,0,3.3,1.3,2.9,160,,,,,,,,,,
BP_156654,721,1.1,79,6.2,0.62,1.3,,1.3,596,,,,,,,,,,
BP_156770,,,,,,,,,,28g,113,1.3,2.6,1.5,0,20.7,,13.5,118
BP_156816,,,,,,,,,,28g,114,1.1,2.9,1.6,0,20.9,,13.8,106
BP_156850,440,9.7,17.8,11.6,0,60.2,,3.2,1860,,,,,,,,,,
BP_157040,60,0,0,0,0,16,1,15,0,100g,,,,,,,,,
BP_157162,,,,,,,,,,5g,34,0.5,3.2,0.3,0,0.8,0,0.13,80
BP_157278,,,,,,,,,,18.9g,29,0,0,0,0,7.1,0,5.8,924
BP_157295,341,11.5,1.3,0.3,0,70.7,3.7,1.8,0,,,,,,,,,,
BP_157352,23,1.2,0.1,0,0,3.8,0.6,3.4,10,,,,,,,,,,
BP_157457,0,0,0,0,0,0,,0,0.96,,,,,,,,,,
BP_157719,,,,,,,,,,15ml,120,0,14,1,0.1,0,0,0,0
BP_157720,,,,,,,,,,15ml,120,0,14,2,0.1,0,0,0,0
BP_157729,0,0,0,0,0,0,,0,0.96,,,,,,,,,,
BP_157812,,,,,,,,,,15ml,19,0.4,0,0,0,4.3,0,3.6,1198
BP_157831,,,,,,,,,,18g,34,0.7,1.5,0.1,0,5,0.5,3,598
BP_157832,,,,,,,,,,18.6g,41,0.8,1.7,0.1,0,6.4,0.6,3.4,607
BP_157834,,,,,,,,,,17.3g,26,0,0,0,0,6.5,0,5.6,63
BP_157837,,,,,,,,,,20 g,26,0.7,1.4,0.2,0,2.7,,2.7,648
BP_157838,,,,,,,,,,20 g,34,0,0,0,0,8.4,,6.2,78
BP_157839,,,,,,,,,,20 g,41,0.6,1,0.4,0,7.5,,6.8,628
BP_157852,0,0,0,0,0,0,,0,0.96,,,,,,,,,,
BP_158031,,,,,,,,,,45 g,161,7,1,0.4,0,31,1.3,1.3,601
BP_158037,369,6.3,4.6,0.8,0,75.6,1.7,0.6,2927,70g,258,4.4,3.2,0.8,0,52.9,1.2,0.4,2049
BP_158158,,,,,,,,,,10 g,12,0.3,0,0,0,2.8,,2.2,458
BP_158257,353,12,2,0.5,0,71.7,3,3.5,10,,,,,,,,,,
BP_158438,,,,,,,,,,118 g,500,11,22.7,10.9,0,63,,8,1700
BP_158626,,,,,,,,,,15ml,120,0,14,2,0,0,0,0,0
BP_158628,,,,,,,,,,19.1g,30,0.5,0.1,0,0,6.8,0,6.1,794
BP_158629,,,,,,,,,,18.6g,24,0,0,0,0,6,0,4.4,945
BP_158769,830,0,92.2,18.3,0.4,0,0,0,0,,,,,,,,,,
BP_158779,830,0,92.2,18.3,0.4,0,0,0,0,,,,,,,,,,
BP_158962,449,9,17,7,0,65,,5,2530,70 g,315.5,6,12,5,0,45,,3,1770
BP_159299,,,,,,,,,,5g,16,0.3,1.4,0.2,0.1,0.5,,0.3,187
BP_159590,,,,,,,,,,10ml,22.84,0.01,0,0,0,5.7,0,5.6,286
BP_159742,,,,,,,,,,20 g,21,0.5,0.5,0.1,0,3.5,,3.5,590
BP_159743,,,,,,,,,,13 g,27,0.6,0.2,0,0,5.5,,5.3,280
BP_159745,,,,,,,,,,10g,9,0.4,0,0,0,1.7,,1,989
BP_159746,,,,,,,,,,10 g,22,1.4,1.1,0.3,0,1.5,,0.7,607
BP_159747,,,,,,,,,,20 g,37,0,0,0,0,9.1,,7.1,140
BP_159748,,,,,,,,,,10 g,12,0.1,0,0,0,2.6,,2.5,138
BP_159990,900,0,100,15.4,0,0,0,,0,,,,,,,,,,
BP_160040,,,,,,,,,,70g,260,9,2,1,0,49,2,7,600
BP_160131,117,2.4,0.3,0.1,0,25.5,1.4,0,5,,,,,,,,,,
BP_160156,,,,,,,,,,94 g,425,7.8,16.9,8,0,60,,4.8,1490
BP_160283,,,,,,,,,,102g,483,8.7,17.9,8.9,0,88.7,,4.5,2300
BP_160293,309,7.7,2.9,0,0,75.4,12.8,1.4,31,,,,,,,,,,
BP_160294,225,11.3,10.3,0,0,68,46.9,4.8,104,,,,,,,,,,
BP_160297,63,3,0,0,0,13.2,1,0.7,36001,,,,,,,,,,
BP_160344,900,0,100,15.4,0,0,0,0,0,,,,,,,,,,
BP_160730,271,0.04,0,0,0,67.7,0,67.7,4,,,,,,,,,,
BP_160999,264,0.4,26,2.6,0.23,6,,2.3,696,,,,,,,,,,
BP_161105,366,11.9,8.3,3.6,0.1,68,,10,1210,,,,,,,,,,
BP_161341,345,12,1.4,0.6,0,74,3,3.3,5,,,,,,,,,,
BP_161342,345,12,1.4,0.6,0,74,3,3.3,5,,,,,,,,,,
BP_161344,345,12,1.4,0.6,0,74,3,3.3,5,,,,,,,,,,
BP_161345,345,12,1.4,0.6,0,74,3,3.3,5,,,,,,,,,,
BP_161442,95,44,0.4,0,0,17.1,2.8,12.6,61,,,,,,,,,,
BP_161578,,,,,,,,,,19.2g,36,0.8,2.5,0.2,0.2,4,1.2,2,826
BP_161880,0,0,0,0,0,0,0,0,34600,5g,0,0,0,0,0,0,0,0,1730
BP_162185,,,,,,,,,,14 g,33,0.7,0.4,0,0,6.7,,6.2,286
BP_162196,,,,,,,,,,0.6g,0,0,0,0,0,0,0,0,47
BP_162368,,,,,,,,,,5 ml,2,0,0,0,0,0.2,,0.2,0
BP_162382,825,0,91.7,12.2,0.5,0,0,0,0,,,,,,,,,,
BP_162388,530,4.2,30.8,15.1,0,60.7,1.8,4.7,728,40 g,212,1.7,12.3,6,0,24.3,0.7,1.9,291
BP_162490,,,,,,,,,,5 ml,41,0,4.6,0.7,0.04,0,,0,0
BP_162536,823,0,91.3,6.1,0,0,0,0,0,,,,,,,,,,
BP_162597,822,0,91.3,15.5,0,0,,0,0,15 ml,,,,,,,,,
BP_163167,,,,,,,,,,5 ml,8,0.5,0,0,0,1.4,,1.2,285
BP_163542,,,,,,,,,,20g,110,1,7,4,0,8,1,2,820
BP_163543,,,,,,,,,,20g,110,1,7,4,0,9,1,2,990
BP_163782,42,3,1.1,0.6,0,4.7,0,4.7,33.8,236ml,98,7.1,2.7,1.5,0,11.1,0,11.1,79.7
BP_163808,,,,,,,,,,5ml,3,0.2,0,0,0,0.4,,0.3,167
BP_163846,239,10.4,18.6,6.7,0,7.5,,0,630,,,,,,,,,,
BP_163851,109,2.4,0.2,0.1,0,3.6,,0,523,,,,,,,,,,
BP_163852,36,2.9,0.4,0.2,0,5.3,,0,650,,,,,,,,,,
BP_163853,36,2.9,0.4,0.2,0,5.3,,0,650,,,,,,,,,,
BP_163948,,,,,,,,,,75g,58.5,11.8,0,0,0,58.5,9,1.4,283
BP_163959,,,,,,,,,,5 ml,9,0.3,0,0,0,1.9,,1.8,236
BP_164177,,,,,,,,,,75g,326,9.2,12.9,8.4,0,43.2,,3.2,1478
BP_164399,,,,,,,,,,15ml,13,1.4,0,0,0,1.7,,0.2,965
BP_164650,,,,,,,,,,15ml,120,0,14,3,0,0,0,0,0
BP_165089,,,,,,,,,,15ml,120,0,14,3,0.1,0,0,0,0
BP_165585,,,,,,,,,,45g,161,7,1,0.4,0,31,1.3,1.3,601
BP_166093,,,,,,,,,,15ml,120,0,14,3,0.1,0,0,0,0
BP_166094,,,,,,,,,,15ml,120,0,14,3,0.1,0,0,0,0
BP_166095,,,,,,,,,,15ml,120,0,14,3,0.1,0,0,0,0
BP_166096,,,,,,,,,,15ml,120,0,14,3,0.1,0,0,0,0
BP_166171,181,5.56,2.78,0,0,34.72,8.33,2.78,510,,,,,,,,,,
BP_166926,42,0,0,0,0,10.5,,10.4,0,330ml,139,0,0,,,34.7,,34.3,0
BP_167191,,,,,,,,,,15ml,120,0,14,2,0.1,0,,0,0
BP_167195,,,,,,,,,,15ml,120,0,14,2,0.1,0,,0,0
BP_167348,33.5,6.7,0,0,0,0,,0,11558,,,,,,,,,,
BP_167478,301.1,19.5,20.1,8.7,0.5,7.7,,5.9,1119,,,,,,,,,,
BP_167504,279,11.1,19.9,9.1,0.6,14.3,,13.1,1725,,,,,,,,,,
BP_167508,232.5,5.9,22.4,10.1,0,2.6,,2.1,708,,,,,,,,,,
BP_167544,,,,,,,,,,72g,312,6.8,11.4,7.4,0,45.6,,5.2,1614
BP_167856,,,,,,,,,,56g,50,11,0.5,0,0,0,0,0,180
BP_167858,,,,,,,,,,600mg,0,0,0,0,0,0,0,0,150
BP_167945,296,8.1,14.9,7.3,0,32.4,,1.1,1160,,,,,,,,,,
BP_168549,471.4,6.2,23.9,13.1,0.4,57.8,,1.1,51.9,,,,,,,,,,
BP_168594,,,,,,,,,,24g,80,1,0,0,0,19,,0,340
BP_168660,362,7.5,2.7,0.5,0,76.2,3.4,0.9,0,,,,,,,,,,
BP_170045,248,2.3,25.6,22.9,0,2,0,2,32,15ml,37,0.4,3.8,3.4,0,0.3,0,0.3,5
BP_170741,33,1.2,0,0,0,6.6,,4.1,552,,,,,,,,,,
BP_170815,,,,,,,,,,30 g,25,0.6,0,0,0,5.6,,4.7,434
BP_170829,51,0,0,0,0,11.7,7,0,3137,17 g,10,0,0,0,0,2,1,0,530
BP_171184,,,,,,,,,,10 g,9,0.4,0.1,0,0,1.5,,0.9,880
BP_171538,432,4.5,16,11,0,68.1,,30.7,364,,,,,,,,,,
BP_171582,80,0,0,0,0,21,0,20,450,40 g,213,0,0,0,0,53.2,0,50,1133
BP_171723,33,1.1,0.1,0,0,6.4,,4,224,,,,,,,,,,
BP_172521,400,17.1,11.9,3.6,0,56.3,8.3,1.6,2233,70 g,280,2,8.3,2.5,0,39.4,5.8,1.1,1563
BP_172673,352,13,1.5,0.3,0,70.2,2.9,3.4,4,,,,,,,,,,
BP_173044,247,14,21,8.4,0,0.5,,0.5,720,,,,,,,,,,
BP_173467,512,1,9.7,0.8,0,7,,2.7,450,,,,,,,,,,
BP_173514,818,0,90.7,5.9,0,0,0,0,0,,,,,,,,,,
BP_173515,818,0,90.7,5.9,0,0,0,0,0,,,,,,,,,,
BP_173518,821,0,91.1,10.3,0,0,0,0,0,,,,,,,,,,
BP_173520,824,0,91.6,10.1,0,0,0,0,0,,,,,,,,,,
BP_173554,243,13,21,8.4,0,0.5,,0.5,720,,,,,,,,,,
BP_174238,351,6.9,0.8,0,0,79.1,0,0,0,,,,,,,,,,
BP_174247,,,,,,,,,,15ml,120,0,14,1,0,0,0,0,0
BP_177000,,,,,,,,,,15ml,120,0,14,1,0,0,0,0,0
BP_177133,318,3.1,30.7,2.2,0,10,,6.9,1733,,,,,,,,,,
BP_177861,375,5.6,17.4,8.9,0,49,,30.6,215,,,,,,,,,,
BP_178037,,,,,,,,,,45g,160,6,0,0,0,35,1,,440
BP_178046,363,13.6,,0.17,0,76.3,,1.43,1006,,,,,,,,,,
BP_178293,,,,,,,,,,48g,147,3,0.7,0,0,32.1,,4.5,1512
BP_179113,337,14.4,2.2,0.5,0,59.4,,2.9,5,,,,,,,,,,
BP_179349,42,0,0,0,0,10,,10,6,,,,,,,,,,
BP_179419,22,1,0,0,0,3.7,1.4,3.3,12,,,,,,,,,,
BP_179648,65,3.4,0.21,0.07,0,10.1,,9.8,460,,,,,,,,,,
BP_179751,,,,,,,,,,5g,16,0.3,0,0,0,0.2,,0,0
BP_180041,38,2,1.5,0.3,0,4,,3.8,20,,,,,,,,,,
BP_180594,464,0.7,43.8,6.2,1.3,18.2,1.3,18,1300,,,,,,,,,,
BP_180677,427,10.6,20.3,8.2,0,61.2,,3.5,1937,,,,,,,,,,
BP_180755,64,1.4,3.1,0.3,,6.9,1.5,5,380,100g,64,1.4,3.1,0.3,,6.9,1.5,5,380
BP_180964,9,0.1,0.5,0.3,0,0.9,,0.3,40,,,,,,,,,,
BP_181039,297,24.3,1.9,0.2,0,48.8,8.9,1.2,12,,,,,,,,,,
BP_181446,,,,,,,,,,,161,7,1,0.4,0,31,1.3,1.3,601
BP_181597,372,0,0,0,0,92.9,,86.9,9,,,,,,,,,,
BP_182035,824,0,91.5,13.9,0,0,,0,0,15ml,123,0,13.7,2.1,0,0,,0,0
BP_182279,123,7.2,2.3,0.3,0,14.8,6.9,0.4,16,,,,,,,,,,
BP_182393,27,0.8,0.7,0.2,0.001,2.2,4.3,2.2,3370,,,,,,,,,,
BP_182519,26,0,0,0,0,6.6,,6.6,49,,,,,,,,,,
BP_182611,248,14,18,13,0.8,7.5,2,6,960,,,,,,,,,,
BP_183058,,,,,,,,,,5ml,4,0.3,0,0,0,0.7,0,0.7,479
BP_183453,62,2,1.5,0.3,0,10.2,,9.7,10,,,,,,,,,,
BP_183458,,,,,,,,,,100ml,32,0,0,0,0,8,,7.8,130
BP_183771,159,0.6,0,0,0,37.3,,34.2,642,,,,,,,,,,
BP_184521,,,,,,,,,,120g,25,1,0,0,0,5,1,3,310
BP_184805,352,13.5,1.5,0.3,0,71,,4,4,,,,,,,,,,
BP_184809,293,5.7,6,0.8,0,53.9,,29.2,89,,,,,,,,,,
BP_184826,44,7.1,0,0,0,3.9,,3.1,9255,,,,,,,,,,
BP_184830,688,2.5,75.8,12.6,2.1,1.8,0,1.1,746,,,,,,,,,,
BP_184839,389,5.6,19,10.1,0,49,,29,208,,,,,,,,,,
BP_185003,458,18.4,25.8,18,0,33.3,,3,168,,,,,,,,,,
BP_185133,18,0,0,0,0,0,0,0,8,,,,,,,,,,
BP_185170,460,11.1,20.3,10.4,0,58.2,,2.9,2230,85 g,391,9.4,17.3,8.8,0,49.5,,2.5,1896
BP_185354,174.88,1.77,17.08,2.53,0,3.52,,0.04,1.44,,,,,,,,,,
BP_185361,168.13,1.4,15.98,3.02,0,4.71,,0,1.56,,,,,,,,,,
BP_185483,47,0,0,0,0,11.4,,11.4,71,,,,,,,,,,
BP_185485,56,0,0,0,0,13.9,,13.9,44,,,,,,,,,,
BP_185489,509,10,20,8,0,74,,9,1030,85g,433,8,17,7,0,63,,8,960
BP_185701,822,0,91.3,16.4,0,0,,0,0,,,,,,,,,,
BP_185723,220,4.1,4,0.7,0,43.4,1.6,23.7,4600,18g,40,0.7,0.7,0.1,0,7.8,0.3,4.3,828
BP_185785,216,8.1,3,0.6,0,39.2,,2.2,374,30g,65,2.4,0.9,0.6,0,11.8,,0.7,112
BP_186161,400,0,0,0,0,99.8,,99.8,0,,,,,,,,,,
BP_186471,491,9.9,23.2,8.9,0.1,60.8,,5,685,,,,,,,,,,
BP_186528,497,9.1,21.9,8,0.1,63.7,,4.6,609,,,,,,,,,,
BP_186640,825,0,91.7,12.2,0.5,0,0,0,0,,,,,,,,,,
BP_186670,0,0,0,0,0,0,,0,0.7,,,,,,,,,,
BP_186676,0,0,0,0,0,0,,0,0.7,,,,,,,,,,
BP_186678,0,0,0,0,0,0,,0,1,,0,0,0,0,0,0,,0,3
BP_186773,105,2.2,0.7,0,0,22.6,4.6,17.9,3436,72g,76,1.6,0.5,0,0,16.3,3.3,12.9,2474
BP_186785,331,6.1,0,0,0,76.9,,59,24,,,,,,,,,,
BP_186793,50,3.1,0.7,0.2,0.1,7.4,1,1.8,0.2,,,,,,,,,,
BP_186796,40,1.6,1.4,0.2,0,8.8,3.6,2.6,2569,17g,7,0.3,0.2,0,0,1.5,0.6,0.4,437
BP_186797,16,0.6,0,0,0,0,0,0,473,20g,3,0.1,0,0,0,0,0,0,95
BP_187627,180,7.2,4.1,1.3,0,28,,0,440,,,,,,,,,,
BP_187899,454,8.6,19.3,8.8,0,61.4,,1.4,2254,70g,318,6,13.5,6.1,0,43,,1,1578
BP_188012,,,,,,,,,,5ml,4,0.5,0,0,0,0.5,0,0.4,435
BP_188186,349,7.6,1,0,0,77.3,,0,9,,,,,,,,,,
BP_188359,73,3.94,4.12,0.3,0.02,5.13,3.1,1,1020,5g,4,0.2,0.2,0.02,0.01,0.26,0.16,0.05,55
BP_188602,,,,,,,,,,100ml,26,0,0,0,0,6.5,,6,10
BP_188660,,,,,,,,,,100ml,26,0,0,0,0,6.5,,6,10
BP_188717,349,7.6,1,0,0,77.3,,0,9,,,,,,,,,,
BP_189067,48,0,0,0,0,12.1,0,8.8,0,140 g,,,,,,,,,
BP_189248,406,12.5,10.7,5.5,0.1,64,1.8,9.4,1040,,,,,,,,,,
BP_189713,822,0,91,14,0,0,,0,0,,,,,,,,,,
BP_189715,822,0,91,12,0,0,,0,0,,,,,,,,,,
BP_190006,,,,,,,,,,236ml,128,8.8,3.3,2.3,0,15.7,,14.6,170
BP_190261,,,,,,,,,,55g,310,8,31,7,0,1,1,1,830
BP_190263,717,0.9,77,8.3,0.02,5.1,0,1.9,300,,,,,,,,,,
BP_190436,60,4.4,1.5,1,0,7.1,,7.1,67,,,,,,,,,,
BP_190495,87,4.6,0.5,0,0,14,3.7,4.4,212,,,,,,,,,,
BP_190642,202,7.5,9.5,1.5,0,23.5,1.8,2.4,491,72g,145,5.4,6.8,1.1,0,16.9,1.3,1.7,354
BP_190760,399,0,0,0,0,99.6,,98.6,0,,,,,,,,,,
BP_190840,435,8.8,17.4,8.4,0,61.1,,2.1,2011,120g,521,10.5,20.8,10.1,0,73.3,,2.5,2413
BP_190872,725,0.6,81.4,53.9,3.8,0.6,,0.6,600,,,,,,,,,,
BP_190938,33.7,3.2,0,0,0,4.2,,0,7744,,,,,,,,,,
BP_190978,60,4.4,1.5,1,0,7.1,,7.1,67,,,,,,,,,,
BP_190988,331,7.2,2.6,0.8,0,76,6.3,0.5,0,,,,,,,,,,
BP_191076,59,0.4,0.1,0,0,13.9,,12.6,12.7,,,,,,,,,,
BP_191173,320,8.4,2.5,0.8,0,74.5,8.6,0.6,0,,,,,,,,,,
BP_191250,100,6.7,0,0,0,20,,10,1333,,,,,,,,,,
BP_191375,305,18.5,27.6,18.5,0,0,0,0,1035,,,,,,,,,,
BP_191394,253,0.8,0.2,0,0,62,0.8,57.2,800,,,,,,,,,,
BP_191664,,,,,,,,,,13 g,28,0.3,0.1,0,0,6.4,,5.8,394
BP_191677,,,,,,,,,,15 g,36,0.4,0,0,0,8.5,,7.9,312
BP_191679,,,,,,,,,,18 g,47,0.5,2.8,0.5,0,5,,1.3,707
BP_19168,226,7.3,3.1,0.6,0,42.2,,3.3,410,25g,57,1.8,0.8,0.2,0,10.6,,0.8,103
BP_19169,208,8.1,3.3,0.6,0,36.4,,2.2,449,30g,62,2.4,1,0.2,0,10.9,,0.7,135
BP_19170,244,10.8,2.8,0.7,0,47.6,3.6,1.9,471,,,,,,,,,,
BP_19174,235,10.4,3,0.7,0,46.2,4.7,1.5,497,,,,,,,,,,
BP_192165,77,2.5,2.6,1.7,0,10.9,,10.9,86,,,,,,,,,,
BP_192464,,,,,,,,,,100 g,285,13,25,8,0,2,,2,670
BP_193274,400,22.2,34,8.9,0.4,0.8,,0.7,1791,,,,,,,,,,
BP_193444,77,2.4,1.7,0.4,0,11.8,2.5,7.4,160,,,,,,,,,,
BP_193574,,,,,,,,,,140 g,112,5.8,2.6,1.6,0,16.2,,13.2,115
BP_193849,,,,,,,,,,80g,316,5.7,9.3,2.9,0,52.3,0.4,0.9,1312
BP_193927,351,6.9,0.8,0,0,79.1,0,0,0,,,,,,,,,,
BP_194163,213,21.8,14.1,2.3,0,0,,0,506,,,,,,,,,,
BP_194164,21,0,0,0,0,4.8,0,4.8,12,,,,,,,,,,
BP_194357,0,0,0,0,0,0,,0,7,,,,,,,,,,
BP_195023,351,6.9,0.8,0,0,79.1,0,0,0,,,,,,,,,,
BP_195037,80,0,0,0,0,19.4,1,16.9,0,140g,112,0,0,0,0,27.2,1.4,23.7,0
BP_195038,78,0,0,0,0,20,1.1,17.3,0,140g,109,0,0,0,0,28,1.5,24.2,0
BP_195525,214,22,14.1,2.2,0,0,,0,485,,,,,,,,,,
BP_195619,95,4,1.5,0.9,0,16,,15,40,,,,,,,,,,
BP_196070,423,3.5,9.8,5.5,0,80.1,,66.5,126,,,,,,,,,,
BP_196385,195,4,2.6,0.4,0,37.6,,3.6,19320,,,,,,,,,,
BP_196569,295,25.4,3.8,0.6,0,26.8,26,2.1,5,,,,,,,,,,
BP_196950,60.5,10.4,0,0,0,0,,0,7073,15 g,10,2,0,0,0,0,0,0,1190
BP_197372,,,,,,,,,,77g,341,7.9,13.6,8.8,0,46.8,,4.2,1659
BP_197425,439,8.5,16.3,8,0,64.6,,2.5,2160,117g,514,9.9,19.1,9.4,0,75.6,,2.9,2527
BP_197741,192,2.8,18.4,12.4,,4,,4,38,25g,48,0.7,4.6,3.1,,1,,1,10
BP_198204,95,4,1.5,0.9,0,16,,15,40,,,,,,,,,,
BP_198222,95,4,1.5,0.9,0,16,,15,40,,,,,,,,,,
BP_198449,299,7.5,28.4,12.7,0.5,4.3,,2.9,836,,,,,,,,,,
BP_198498,169.5,10.8,11.9,5.9,0.5,5,,2.8,836,,,,,,,,,,
BP_198898,,,,,,,,,,18 g,43,0.5,0,0,0,10.2,,9.4,374
BP_199800,351,6.9,0.8,0,0,79.1,0,0,0,,,,,,,,,,
BP_215684,342,13.3,1.6,0,0,64.8,,55,46,,,,,,,,,,
BP_227151,421,3.5,10,6.5,0,78.9,,59.2,123,,,,,,,,,,
BP_230092,430,5,15,10,0,69,,40,360,30g,129,1.5,4.5,3,0,20.7,0,12,108
BP_233069,100,3.72,3.27,0.37,0,13.42,1.01,4.04,84,53.8g,230,8.55,7.53,4.6,0,30.87,2.31,9.3,194
BP_26428,297,3.9,0,0,0,68.7,,61.7,30,,,,,,,,,,
BP_26429,218,4.3,1.7,0,0,46.4,,34.2,0,,,,,,,,,,
BP_26430,317,1.9,0.6,0,0,75.9,,65.1,0,,,,,,,,,,
BP_26432,305,11.5,2.5,0,0,59,,51.4,400,,,,,,,,,,
BP_26433,329,3.7,0.6,0,0,77.2,,57.2,14,,,,,,,,,,
BP_26440,218,8,0.7,0,0,44.9,,10.9,21,,,,,,,,,,
BP_26441,302,34,6.7,1.9,0,26.3,,0,1606,,,,,,,,,,
BP_26442,280,61.4,3.6,0.7,0,0,,0,2624,,,,,,,,,,
BP_26443,293,66.5,1.7,0.7,0,3,,1.2,1097,,,,,,,,,,
BP_26444,352,4.8,0.8,0,0,81.4,,60.4,48,,,,,,,,,,
BP_26445,229,529,1.5,0,0,1,,0,3907,,,,,,,,,,
BP_26449,343,83.2,1.1,0,0,0,,0,60,,,,,,,,,,
BP_26450,334,76.9,1.8,0.5,0,3.3,,0,22,,,,,,,,,,
BP_26451,356.4,15.2,1.2,0.4,0,0,,0,60,,,,,,,,,,
BP_26452,294,45.4,1.8,0,0,24,,13.4,3684,,,,,,,,,,
BP_26454,294,45.4,1.8,0,0,24,,13.4,3684,,,,,,,,,,
BP_26455,232,12.5,1.4,0,0,42.3,,32.8,373,,,,,,,,,,
BP_26459,296,5.4,3.4,0,0,61,,30.2,0,,,,,,,,,,
BP_26460,296,5.4,3.4,0,0,61,,30.2,0,,,,,,,,,,
BP_26467,78,3.9,1.1,0,0,13.1,,1.3,0,,,,,,,,,,
BP_26495,78,3.9,1.1,0,0,13.1,,1.3,0,,,,,,,,,,
BP_26507,340,10.3,0.7,0,0,73,,0,0,,,,,,,,,,
BP_26557,333,9.5,1,0,0,71.4,,4.6,232,,,,,,,,,,
BP_26564,306,19,1.7,0.6,0,63.2,,3.5,0,,,,,,,,,,
BP_26569,68,5.6,1.6,0,0,7.9,,3.7,7,,,,,,,,,,
BP_26576,557,19.6,43.8,1.8,0,21.1,,3.5,0,,,,,,,,,,
BP_26579,76,7.1,0.8,0,0,10.2,,1.1,36,,,,,,,,,,
BP_26590,321,26.9,7.1,0,0,43.7,,0,33.6,,,,,,,,,,
BP_26599,0,0,0,0,0,0,,0,0,,,,,,,,,,
BP_26601,46,4.3,1,0,0,4.9,,4,0,,,,,,,,,,
BP_26615,0,0.8,0,0,0,0,,0,0,,,,,,,,,,
BP_26618,334,76.9,1.8,0,0,3.3,,0,22,,,,,,,,,,
BP_26621,305,63.7,2.8,0,0,6.2,,0,2032,,,,,,,,,,
BP_26643,305,63.7,2.8,0,0,6.2,,0,2032,,,,,,,,,,
BP_26666,305,63.7,2.8,0,0,6.2,,0,2032,,,,,,,,,,
BP_26667,343,83.2,1.1,0,0,0,,0,60,,,,,,,,,,
BP_26670,267,63.3,1.5,0,0,0,,0,5525,,,,,,,,,,
BP_26687,77,15.8,0,0,0,2.2,,0,145,,,,,,,,,,
BP_26704,189,20.2,0.5,0,0,60.8,,0,100.7,,,,,,,,,,
BP_280704,,,,,,,,,,35g,128,7.1,0.7,0.5,0,23.3,,13.9,96.3
BP_286586,370,23.7,2.7,1.6,0,62.7,,43.8,321,30g,110,7.1,0.8,0.5,0,18.8,,13.1,96
BP_289982,349,25.5,5,1.4,0,46.3,,42.9,340,35g,122,8.9,0.8,0.5,0,16.2,,15,120
BP_300068,,,,,,,,,,55g,265,9.07,15.18,2.1,0,22.99,,22.27,1540
BP_300364,,,,,,,,,,67g,237,3.9,0.4,0,0,54.3,0,0,44
BP_300475,81,0,0,0,0,18,1.2,17,0,140g,113,0.6,0.1,0,0,25.2,1.7,23.8,7
BP_301344,25,0,0,0,0,6.2,,6.2,30,,,,,,,,,,
BP_301998,36,0,0,0,0,8.5,,8.5,20,,,,,,,,,,
BP_302255,,,,,,,,,,100ml,26,0,0,0,0,6.5,,6,10
BP_302353,394,0,0,0,0,98.6,,98.6,6,,,,,,,,,,
BP_302355,390,0,0,0,0,97.4,,97.3,12,,,,,,,,,,
BP_302356,400,0,0,0,0,99.8,,99.2,0,,,,,,,,,,
BP_302565,,,,,,,,,,18.6g,25,0.9,0,0,0,5.6,0.4,4.2,1127
BP_302566,,,,,,,,,,18g,38,0.4,1.9,0.3,0,5.6,1,2.3,882
BP_302971,816,8.1,8,1.3,0,25.2,2.6,1.3,367,,,,,,,,,,
BP_302972,774,7.9,8.1,1.3,0,22.6,2.5,0.8,377,,,,,,,,,,
BP_304328,341.8,11,7.2,1,0,58.3,6.5,1.3,0,35g,119.6,3.9,2.5,0.4,0,20.4,2.3,0.5,0
BP_305085,,,,,,,,,,5g,14,0.4,1.1,0.8,0,0.7,0,0.6,1004
BP_30514,179,7.4,10.7,4.5,0,13.3,,3.3,750,,,,,,,,,,
BP_305686,353,7,0.7,0,0,79.8,0,0,0,,,,,,,,,,
BP_305928,,,,,,,,,,15ml,120,0,14,1,0.1,0,0,0,0
BP_306666,348,6,0.8,0.4,0,79.7,0.6,0,0,,,,,,,,,,
BP_306667,348,6,0.8,0.4,0,79.7,0.6,0,0,,,,,,,,,,
BP_306668,348,6,0.8,0.4,0,79.7,0.6,0,0,,,,,,,,,,
BP_307164,815,0,92,14,0,0,0,0,0,15ml,122,0,13.8,2.1,0,0,0,0,0
BP_307214,356,10.5,1.2,0.5,0,71.9,1.7,18.4,1000,,,,,,,,,,
BP_307798,195,20,12,3.3,0,1.7,0,0,400,,,,,,,,,,
BP_307845,62,2,1.5,0.3,0,10,,9.5,10,,,,,,,,,,
BP_308737,237,5.7,20.4,7.5,0,7.9,,3.1,676,,,,,,,,,,
BP_309267,517,6.7,28,12.7,0,59.6,0,17.1,135,,,,,,,,,,
BP_309268,488,6.8,24.1,11.2,0,60.9,0,18.3,145,,,,,,,,,,
BP_310629,25.8,1.4,0.08,0.03,0,4,,3.9,316,,,,,,,,,,
BP_310630,823,0,91.5,13.9,0,0,,0,0,15ml,123,0,13.7,2.1,0,0,,0,0
BP_311730,125,5.5,6.2,4.2,0.3,11.9,,11,53,160g,201,8.8,9.9,6.7,0.5,19,,17.6,85
BP_311773,135,5,5.8,4,0.3,15.6,,14.1,51,160g,216,8,9.3,6.4,0.5,25,,22.6,82
BP_311777,118,6.1,7,4.8,0.4,7.8,,7,59,160g,189,9.8,11.2,7.7,0.6,12.5,,11.2,94
BP_311785,125,5.5,6.2,4.2,0.3,11.9,,11,53,166g,208,9.1,10,7,0.5,19.8,,18.3,88
BP_311822,118,6.1,7,4.8,0.4,7.8,,7,59,180g,213,11,12.8,8.6,0.7,14,,12.6,106
BP_314218,,,,,,,,,,,,,,,,,,,
BP_314219,,,,,,,,,,,,,,,,,,,
BP_31440,334,76.9,1.8,0.5,0,3.3,,0,22,,,,,,,,,,
BP_31445,,,,,,,,,,60g,204,12.3,1.5,0.19,0,38.3,,1,940
BP_31452,,,,,,,,,,60g,204,6,0.1,0,0,46,,1,850
BP_31465,350.1,16.5,1.37,0.4,0,67.9,,4.07,1723,,,,,,,,,,
BP_31467,,,,,,,,,,100 克 g,48,5.4,0.7,0.2,0,4.8,0.633,0.37,584
BP_31471,334,76.9,1.8,0.5,0,3.3,,0,22,,,,,,,,,,
BP_315035,,,,,,,,,,15ml,120,0,14,3,0.1,0,0,0,0
BP_315036,,,,,,,,,,15ml,120,0,14,2,0.2,0,0,0,0
BP_315037,,,,,,,,,,15ml,120,0,14,1,0,0,0,0,0
BP_315440,,,,,,,,,,45g,170,3,1,0,0,36,1,0,0
BP_315797,441,5.8,22,2.3,0,55,1.1,23,288,,,,,,,,,,
BP_317148,38,2,1.5,0.3,0,4,,3.8,20,,,,,,,,,,
BP_317231,248,8.2,15.1,5,,21.1,1.4,1.9,340,,,,,,,,,,
BP_317232,996,8.8,14.1,6.3,,20.2,1.3,1.6,370,,,,,,,,,,
BP_317502,,,,,,,,,,10 ml,27,0.7,0,0,0,5.7,,4.5,393
BP_317546,,,,,,,,,,2g,0,0,0,0,0,0,0,0,780
BP_317583,,,,,,,,,,5.8g,12,0.2,0.9,0.08,0,1,0.3,0.6,322
BP_317584,,,,,,,,,,19.2g,19,0.2,0.13,0,0,4.5,0.4,3.3,674
BP_317589,,,,,,,,,,35g,23,0.6,0,0,0,4.8,2,2.5,732
BP_317590,,,,,,,,,,35g,14,0.5,0.3,0,0,2.3,1.3,0.6,709
BP_317591,,,,,,,,,,15ml,117,0,13,2,0,0,0,0,1
BP_317610,375,7.5,0.8,0.4,0,84.4,1.6,0,7,50 g,187,3.7,0.4,0.2,0,42.2,0.8,0,3.5
BP_317927,37,0,0,0,0,9.3,,8.3,0,,,,,,,,,,
BP_31815,343,83.2,1.1,0,0,0,,0,60,,,,,,,,,,
BP_318415,,,,,,,,,,,,,,,,,,,
BP_318479,368,0.9,0,0,0,89,,6.5,11,0.5 g,2,0.01,0,0,0,0.45,,0.03,0.06
BP_318485,,,,,,,,,,200 g,252,6,1,0,0,63.4,6.6,0,200
BP_318807,56,3.2,2.3,0.4,0,5.5,,5,10,,,,,,,,,,
BP_31881,305,63.7,2.8,0,0,6.2,,0,2032,,,,,,,,,,
BP_31893,212,7.2,1.9,0,0,41.5,,28.2,0,,,,,,,,,,
BP_318959,44,0.1,0.1,0,0,10.4,0.1,10,8,,,,,,,,,,
BP_318980,44,0.1,0.1,0,0,10.4,0.1,10,8,,,,,,,,,,
BP_319951,,,,,,,,,,100ml,820,0,92,13,0,0,,0,0
BP_319958,,,,,,,,,,100ml,828,0,92,13,0,0,,0,0
BP_321183,,,,,,,,,,110 g,450,9,14,7,0,73,1,4,
BP_321406,421,8.2,13,6.5,0,67.7,,2.3,1900,120g,505,9.8,15.6,7.8,0,81.2,,2.8,2280
BP_321606,423,7.8,13.7,7.8,0,64.7,0,3.9,1843,51g,215.8,4,7,4,0,33,0,2,940
BP_321678,350,10.6,1.2,0.3,0,73,2.9,4.1,3,,,,,,,,,,
BP_321679,336,11.5,2.3,0.5,0,66.3,7.4,3,10,,,,,,,,,,
BP_321680,345,11.9,1.2,0.2,0,70.6,3.5,2.9,10,,,,,,,,,,
BP_322021,,,,,,,,,,10 g,14,0.5,0,0,0,2.9,,2.1,438
BP_322314,,,,,,,,,,15ml,120,0,14,1.5,0,0,,0,0
BP_322334,,,,,,,,,,105g,470,7,21,11,0,63,,7,1190
BP_322980,,,,,,,,,,15ml,15,1.6,0,0,0,1.9,,0.2,945
BP_322981,,,,,,,,,,15ml,14,1.3,0,0,0,1.7,,0.2,750
BP_323043,356,23.7,2.8,1,0,61,2,3.7,1700,,,,,,,,,,
BP_323722,,,,,,,,,,38g,80,1,4,2,0,10,1,4,40
BP_323725,,,,,,,,,,5g,4,0.2,0,0,0,0.7,0,0.3,135
BP_323881,90.4,4.6,0,0,0,18,,14.62,2867,,,,,,,,,,
BP_324639,246,15.5,3,0.37,0.04,9.13,1.15,0.67,1160,,,,,,,,,,
BP_324848,37,0,0,0,0,9.2,,8.8,0,,,,,,,,,,
BP_326371,464,14.3,16.1,3.6,0,64.3,3.6,17.9,446,,,,,,,,,,
BP_326372,,,,,,,,,,32g,150,3,6,1.5,0,21,1,,110
BP_326530,260,8.3,3.3,0.7,0,49.3,,3.6,370,90g,234,7.5,3,0.6,0,44.4,,3.2,333
BP_326531,260,8.3,3.3,0.7,0,49.3,,3.6,370,35g,91,2.9,1.2,0.2,0,17.3,,1.3,130
BP_326694,526,10,44,39.3,0,22.5,,1.9,37,0.06g,,,,,,,,,
BP_326695,684,9.7,67.4,61.5,0,9.7,,2,17,0.06g,,,,,,,,,
BP_326730,660,9.5,62.7,57.2,0,14.3,,2.1,26,0.06g,,,,,,,,,
BP_326763,398,13,9.4,4.5,0.1,64,2.8,11,980,,,,,,,,,,
BP_326974,160,10.2,10.8,4.2,0,5.4,,2.4,556,,,,,,,,,,
BP_326975,,,,,,,,,,5ml,6,0.1,0,0,0,1.3,0,1.3,458
BP_327089,,,,,,,,,,15ml,10,2,0,0,0,0,0,0,1520
BP_327659,,,,,,,,,,25 ml,31,0,0,0,0,7.6,,5,1
BP_327901,28,0,0,0,0,6.5,,3.6,50,,,,,,,,,,
BP_327912,474,10.1,22.4,11.1,0,58.1,3.6,1.3,1786,,,,,,,,,,
BP_327965,248,14,18,13,0.8,7.5,2,6,815,,,,,,,,,,
BP_327984,,,,,,,,,,285g,160,6,3.5,1,0,26,,2,620
BP_328122,,,,,,,,,,15ml,120,0,14,1,0,0,0,0,0
BP_328171,810,0,90,12.2,0,0,0,0,0,15.5 ml,,,,,,,,,
BP_328602,89,3,1.6,1,0.1,15.7,0,12.4,53,135,120,4.1,2.2,1.3,0.1,21.1,0,16.7,72
BP_328677,80,0,0,0,0,19.4,1,16.9,0,140g,112,0,0,0,0,27.2,1.4,23.7,0
BP_329706,510,12,19,7,0,73,,9,950,80g,408,9,15,6,0,59,,7,760
BP_329967,,,,,,,,,,5ml,5,0.4,0,0,0,0.7,,0.5,327
BP_330780,362.7,0.6,34,5.2,0.4,12.6,0,8.8,699.8,,,,,,,,,,
BP_331196,,,,,,,,,,35g,21,0.6,0.5,0,0,3.5,1.9,1.2,686
BP_331268,45,0.7,3.4,0.3,0,1.1,0,1,2400,,,,,,,,,,
BP_331566,141,4.1,7.8,4.8,0,13.7,,13.7,60,,,,,,,,,,
BP_331738,114,22.9,2.3,0.7,0,1.5,1.2,0,7000,,,,,,,,,,
BP_331758,317,68.5,4.5,2.6,0,2.4,1.8,0,948,,,,,,,,,,
BP_332391,51,2.6,1.6,0.1,0,6.5,0.5,5.6,1.1,,,,,,,,,,
BP_333348,,,,,,,,,,14g,126,0,14,2.08,0.08,0,,0,0
BP_333368,529,10.7,29,15.2,0,58,,35.8,219,,,,,,,,,,
BP_333410,,,,,,,,,,100ml,0,0,0,0,0,0,,0,0
BP_333853,72,4.6,1.3,0.1,,6.7,,0,180,,,,,,,,,,
BP_333861,115,4.6,0.6,0.2,0,21,,16,200,,,,,,,,,,
BP_334231,404,0,0,0,0,99.4,,99.4,0,,,,,,,,,,
BP_334526,,,,,,,,,,5 ml,4,0.4,0,0,0,0.7,,0.5,327
BP_334528,,,,,,,,,,5ml,9,0.2,0,0,0,2.1,0,1.9,340
BP_334686,343.3,6.9,0.65,0,0,77.5,1.1,0,0,,,,,,,,,,
BP_334928,237,1.5,0,0,0,55,,47,100,,,,,,,,,,
BP_335336,,,,,,,,,,21g,70,3,5,3,0,2,0,1,280
BP_335337,,,,,,,,,,21g,30,5,0,0,0,3,0,1,300
BP_335338,,,,,,,,,,21g,70,3,5,3,0,2,0,1,280
BP_335633,57,4.5,3.2,0.5,0,2.6,,0.7,48,,,,,,,,,,
BP_336054,40,0.6,0.1,0,0,8.9,0.2,8.2,8,,,,,,,,,,
BP_336875,,,,,,,,,,5g,13,0.8,0.4,0.1,0,1.6,,0.5,787
BP_336904,,,,,,,,,,7.1g,34,0.4,1.8,0.9,0,4,,3.8,8
BP_337265,823,0,91.3,6.1,0,0,0,0,0,,,,,,,,,,
BP_337369,,,,,,,,,,5ml,21,0.5,0,0,0,4.3,,2.3,5
BP_337928,,,,,,,,,,0.6g,0,0,0,0,0,0.1,,0,30
BP_337930,264,3.9,23.4,9.2,0.5,9.5,5,4.9,2099,26.6g,70,1,6.2,2.4,0.1,2.5,1.3,1.3,558
BP_337931,,,,,,,,,,49.7g,227,1.9,20.2,14.5,0,9.5,,5.9,496
BP_337933,,,,,,,,,,10 g,9,0.4,0.1,0,0,1.6,,0.8,824
BP_338267,,,,,,,,,,15ml,120,0,14,3,0.1,0,0,0,0
BP_338289,,,,,,,,,,15ml,120,0,14,3,0.1,0,0,0,0
BP_338540,,,,,,,,,,20 g,47,1.5,2.1,0.7,0,5.6,,1.6,1206
BP_338542,,,,,,,,,,1 g,2,0.04,0,0,0,0.5,,0.2,153
BP_338934,,,,,,,,,,35g,188,1.6,11.6,4.6,0,19.4,,3,331
BP_338935,,,,,,,,,,40g,209,1,11.6,4.4,0,25.1,,10,259
BP_338936,,,,,,,,,,40g,206,1.1,11.6,4,0,24.4,,8.9,252
BP_339147,346,6.9,0.4,0.1,0,78.8,,0,2,,,,,,,,,,
BP_339613,692,11.7,70,4.5,0,3.8,,3.5,980,,,,,,,,,,
BP_339702,205,9.16,14.6,3.3,0,9.3,,3.2,879,,,,,,,,,,
BP_339703,271,6.04,24.1,5.3,0,7.4,,2.9,1020,,,,,,,,,,
BP_339826,805,0,91,13,0,0,,0,0,,,,,,,,,,
BP_341621,77,4.3,0.8,0.2,0,13.1,4.4,5.5,281,127g,98,5.5,1.1,0.2,0,16.6,5.6,7,357
BP_341659,,,,,,,,,,,,,,,,,,,
BP_342447,358,7.8,1,0.2,0,76.7,,4,1120,,,,,,,,,,
BP_342571,331,6.8,4.7,4.6,2.3,65.4,,19.4,130,,,,,,,,,,
BP_343510,35,0,0,0,0,7.8,0.2,6.6,46,350 ml,,,,,,,,,
BP_343813,356,7.1,2,0.6,0,78.4,1,0,0,,,,,,,,,,
BP_344824,210,6.4,5.8,1.9,0.06,33,,11,260,,,,,,,,,,
BP_344962,,,,,,,,,,95g,317,4,18,7,0,37,,2,538
BP_344963,,,,,,,,,,93g,295,4,15,6,0,37,,4,473
BP_345458,,,,,,,,,,60g,223,4.1,3.1,1.9,0,44.8,0.3,1.8,1494
BP_345459,441,9.9,17.3,11.2,0,61.5,,3.7,1938,,,,,,,,,,
BP_345785,401,2.9,4.5,4.4,0,87.1,,66.1,23,,,,,,,,,,
BP_348217,37,0,0,0,0,8.9,,8.9,5,,,,,,,,,,
BP_348219,45,0,0,0,0,10.9,,10.9,10,,,,,,,,,,
BP_348242,,,,,,,,,,285g,145,6,1.3,0.5,0,27,,2,530
BP_348261,,,,,,,,,,311g,320,11,3.8,1.6,0,60,,1,850
BP_348453,,,,,,,,,,5g,5,0.1,0,0,0,1.1,,0.9,195
BP_348933,181,22.7,9.8,1.8,0,0.5,,0,292,,,,,,,,,,
BP_349237,692,11.7,70,4.5,0,3.8,,3.5,980,,,,,,,,,,
BP_349486,235,2.2,23.5,2.8,0,1.2,,0.5,880,,,,,,,,,,
BP_350241,5,0.4,0.1,0,0,0.6,,0.4,376,,,,,,,,,,
BP_350258,5,0.4,0.1,0,0,0.6,,0.4,376,250ml,13,1,0.3,0,0,1.5,,1,940
BP_350287,5,0.4,0.1,0,0,0.6,,0.4,376,250ml,13,1,0.3,0,0,1.5,,1,940
BP_350531,,,,,,,,,,75g,338,8,16.1,7.7,0,40.3,,3.8,1350
BP_350532,,,,,,,,,,15g,339,7.6,15.5,8.1,0,42.2,,7.9,1500
BP_350752,,,,,,,,,,100ml,0,0,0,0,0,0,,0,0
BP_351868,18,0,0,0,0,0,0,0,2,,,,,,,,,,
BP_351877,,,,,,,,,,19.7g,28,0.5,0.2,0,0,6.2,0,4.8,789
BP_351964,365,10,3.3,0.6,0,73,,0,6,,,,,,,,,,
BP_351986,58.3,2.2,0,0,0,8.3,,5.8,380,,,,,,,,,,
BP_352033,343,6.7,0.9,0,0,77.2,0,0,22,,,,,,,,,,
BP_352034,354,6.8,0.8,0,0,80.2,0,0,21,,,,,,,,,,
BP_352464,56,1.6,0.8,0,0,11.2,2.4,4.8,272,125g,70,2,1,0,0,14,3,6,340
BP_352541,68,1.5,4.9,1.2,0,4.4,,0.5,200,,,,,,,,,,
BP_352542,55,0.7,4.3,1,0,3.3,,0.1,240,,,,,,,,,,
BP_352545,49,1.9,0.5,0.1,0,9.2,,1.2,220,,,,,,,,,,
BP_352552,87,5.1,0.4,0.1,0,13.7,4.2,4,212,,,,,,,,,,
BP_352553,87,5.1,0.4,0.1,0,13.7,4.2,4,212,,,,,,,,,,
BP_352794,431,22.4,37.5,10.1,0.3,3.4,2.3,1.1,1077,,,,,,,,,,
BP_352865,200,17.8,13.8,4.7,0,1.2,,0.9,360,,,,,,,,,,
BP_352868,341,11.5,1.3,0.3,0,70.7,,1.8,0,,,,,,,,,,
BP_352870,160,5,0.7,0.1,0,32.8,1.4,0.7,0,,,,,,,,,,
BP_353089,415,5.7,19,1.8,0,58,0.7,26,292,,,,,,,,,,
BP_353225,,,,,,,,,,113 g,499,11.3,21.9,10.2,0,64.1,,6.3,1669
BP_353755,359,8,2.6,0.5,0,76,,0,3,,,,,,,,,,
BP_353907,83,1.7,1.2,0.3,0,16.3,,13.5,419,,,,,,,,,,
BP_353908,81,1.5,5.1,0.5,0,7.2,,1.4,600,,,,,,,,,,
BP_354098,,,,,,,,,,15ml,41,0,0,0,0,8.4,,8.4,98
BP_354293,350,10.9,1.5,0,0,76.3,3.2,2.6,304,,,,,,,,,,
BP_354295,352,11.1,1.7,0,0,75.4,2.4,2.9,301,,,,,,,,,,
BP_354296,348,11,1.3,0,0,75.9,2.8,2.8,329,,,,,,,,,,
BP_354751,489,6.1,23.3,12.8,0,63.7,,34.6,277,,,,,,,,,,
BP_354794,373,1.9,0,0,0,91.9,,91.4,29,,,,,,,,,,
BP_354860,453,7,21,9,0,60,,11,893,75g,340,5,15,7,0,45,,9,670
BP_355261,,,,,,,,,,15ml,123,0,13.7,2,0,0,0,0,0
BP_355305,353,12.5,2,0.5,0,71.2,3,3.5,5,,,,,,,,,,
BP_355580,350,19.1,2.6,0.5,0,64.9,2.4,2.7,605,,,,,,,,,,
BP_355660,349.3,12,1.3,0.4,0,72.4,,1.9,623,,,,,,,,,,
BP_355661,349.3,12,1.3,0.4,0,72.4,,1.9,623,,,,,,,,,,
BP_356137,,,,,,,,,,112g,472,10.8,21.2,10.7,0,59.5,,4.3,1726
BP_356159,19,0,0,0,0,4.7,0,4.4,19,350 ml,,,,,,,,,
BP_356297,,,,,,,,,,34g,105,4,9,2,0,2,0,0,405
BP_356493,3.6,0,0,0,0,0.9,0,0,0,,,,,,,,,,
BP_356681,706,0.5,78,35,1.7,0.6,,0.6,0,10g,71,0.1,7.8,3.5,0.2,0.1,,0.1,0
BP_357543,25.4,0,0,0,0,6.26,0,3.45,19,250ml,60,0,0,0,0,15.7,0,8.63,48
BP_357939,341,13,2.8,0.6,0,72.4,6.5,5.6,0,,,,,,,,,,
BP_357940,356,10.9,1.5,0,0,76.2,1.6,3.7,0,,,,,,,,,,
BP_358227,341,20,29,18,1,0.1,,0.1,1320,20 g,68,4,5.8,3.6,0.2,0.02,,0.02,264
BP_358340,,,,,,,,,,65g,241,5.7,3.3,0.5,0,47.3,,1.4,1286
BP_358431,,,,,,,,,,65g,224,5.1,2.1,0.9,0,46.1,,2,1438
BP_358470,122,2.6,0.5,0.3,0,28.3,,20.5,4,,,,,,,,,,
BP_358500,,,,,,,,,,28g,32,2.9,1.3,0,0,2.1,0,0,793
BP_358502,,,,,,,,,,10g,12,1,0.5,0,0,0,0,0,310
BP_358505,,,,,,,,,,50g,14,2,0,0,0,2,0,0,22
BP_358638,569,10,36.9,15.7,0.3,49.3,,24,115,,,,,,,,,,
BP_359357,0,0,0,0,0,0,,0,39270,,,,,,,,,,
BP_359394,154,1.3,13.8,2.7,0,4.9,,0.1,2000,,,,,,,,,,
BP_359439,184,24.8,9.2,2.6,0,0.4,,0.4,190,,,,,,,,,,
BP_359453,38,3.8,2.3,1,0.1,0.5,0.1,0.4,50,,,,,,,,,,
BP_359454,14,2.5,0,0,,0,0.5,0,52,,,,,,,,,,
BP_359456,3,0.2,0.1,0.1,0,0.4,0.5,0.4,0,,,,,,,,,,
BP_359468,46,0.6,1.4,0.8,0,7.5,0.3,1.1,228,,,,,,,,,,
BP_359478,49,3,0.5,0.1,0,5.4,5.2,1.8,32,,,,,,,,,,
BP_359710,304,5.9,21.8,8.3,0,21.1,3.4,17.7,2343,200g,608,11.8,43.6,16.6,0,42.2,6.8,35.4,4686
BP_359711,277,4.4,17.3,7.8,0,25.8,9.4,16.8,4255,200g,554,8.8,34.6,15.6,0,51.6,9.4,33.6,8510
BP_360435,0,0,0,0,0,0,,0,7,,,,,,,,,,
BP_360887,632,0.2,63.8,8.9,0,14.3,0,8.4,520,,,,,,,,,,
BP_360892,124,0.7,13,3,0,0,2.1,0,1600,,,,,,,,,,
BP_360896,32,0,0.4,0,0,7.1,1.9,6.8,540,,,,,,,,,,
BP_360901,258,25.5,17.5,3.6,0,0,,0,192,,,,,,,,,,
BP_361856,,,,,,,,,,29g,128,1,6,4,0,18,1,9,47
BP_362000,177,4,6.8,0.9,0,0.05,,0,300,,,,,,,,,,
BP_362158,,,,,,,,,,72g,313,7.1,12.2,7.9,0,43.7,,5,1555
BP_362222,95.1,21.7,0.8,0.3,0,0,,0,258,,,,,,,,,,
BP_362224,196.5,13.9,12.8,2.1,0,6.6,,5,543,,,,,,,,,,
BP_362225,107.8,23.7,1.3,1,0,0,,0,84,,,,,,,,,,
BP_362227,185.9,21.8,10.6,1.6,0,0.9,,0,347,,,,,,,,,,
BP_362962,522,5.4,26.9,13.2,0.4,64.5,,26,151,,,,,,,,,,
BP_363271,354,12,2,0.4,0,72,3.6,3.7,0,,,,,,,,,,
BP_363282,36,0.6,1,0.7,0.1,5.5,0.3,1.1,300,,,,,,,,,,
BP_363650,91,4.9,4.5,2.3,0,7.8,1.8,5.7,500,,,,,,,,,,
BP_363651,50,1.1,2.4,0.3,0,6.1,1.7,4.7,300,,,,,,,,,,
BP_364185,59.2,0.4,0.36,0,0,13.6,,13.6,26,,,,,,,,,,
BP_364695,28,0.813,0.2,0.09,0,4.9,,4.8,720,,,,,,,,,,
BP_364818,36,0.8,1.8,0.5,0,4.1,0,0,268,190g,68,1.5,3.4,1,0,7.8,0,0,509
BP_365138,348,14.9,1.5,0.4,0,67.4,2.8,2.4,8,,,,,,,,,,
BP_365242,900,0,100,14.9,0.57,8,0,,0,,,,,,,,,,
BP_365283,380,0,0,0,0,94.7,0,94.7,9,,,,,,,,,,
BP_365284,400,0,0,0,0,99.8,0,99.7,0,,,,,,,,,,
BP_365285,396,0,0,0,0,98.9,0,98.9,0,,,,,,,,,,
BP_365286,376,0,0,0,0,93.8,0,93.8,7,,,,,,,,,,
BP_365776,,,,,,,,,,57g,233,11.8,4.7,0.9,0,35.7,0.6,2.4,1218
BP_365838,,,,,,,,,,20 g,70,0,0,0,0,17,,0,0
BP_367150,47,2,1.6,1,0,6.1,0.6,1.1,800,,,,,,,,,,
BP_367177,318,16,28,9,0.12,0.5,0.5,0.3,700,,,,,,,,,,
BP_367228,113,9.8,4.9,2,0,7.3,2.4,1.3,0.37,,,,,,,,,,
BP_367515,,,,,,,,,,40g,140,2,0,0,0,33,1,4,190
BP_368516,122,5.2,0,0,0,25.3,,20.9,,,,,,,,,,,
BP_369131,,,,,,,,,,100 g,80,3.4,1.6,1,0,12.8,,11.15,55
BP_369137,,,,,,,,,,15ml,28,0.1,0,0,0,4.9,,4,80
BP_369167,225,10.7,13.4,2.4,0,14.8,,0.7,40,,,,,,,,,,
BP_369236,,,,,,,,,,,44,1.2,0.1,0,0,9.3,,1.2,384
BP_369283,185,23.7,10,2.1,0.1,0,0.1,0,6,,,,,,,,,,
BP_369328,93,2.1,0.6,0.3,0,19,,0,4,,,,,,,,,,
BP_369507,,,,,,,,,,103g,425,12.6,15.2,6.5,0,59.5,,4.2,2554
BP_369511,24.1,0,0,0,0,5.9,,5.8,18,,,,,,,,,,
BP_369575,362,20,3,1.7,0,63.7,0,40,260,30,109,6,0.9,0.5,0,19.1,0,12,78
BP_369619,84,3,1.5,1,0,14.5,0.7,12.8,59,135 g,113,4.1,2,1.3,0,19.6,0.9,17.3,79
BP_370035,13,1.2,0,0,0,1.1,2.1,0.8,640,,,,,,,,,,
BP_370048,343,13,2.1,0.5,0,64,9.3,3.1,8,,,,,,,,,,
BP_370159,45,0.1,0.2,0,0,10.5,,10.5,0,,,,,,,,,,
BP_370472,,,,,,,,,,66 g,228,7.4,0.8,0,0,48.4,0,1.2,657
BP_370633,823,0,91,14,0,0,0,,0,,,,,,,,,,
BP_370937,,,,,,,,,,28g,90,2,9,6,0,2,0,1,95
BP_371079,,,,,,,,,,81g,300,9.6,7.4,4.5,0,48.8,,4.3,1955
BP_371082,,,,,,,,,,78g,283,9.9,6.6,2.7,0,45.9,,4.2,1939
BP_371252,235,11,3,1,0,65,,1,44,,,,,,,,,,
BP_371255,394.4,0,4,2,0,66,,80,34,,,,,,,,,,
BP_372212,,,,,,,,,,,37,0,0,0,0,11.8,5,6.5,39
BP_372213,,,,,,,,,,,44,0.1,0,0,0,13.7,5,8.4,79
BP_372214,,,,,,,,,,,48,0,0,0,0,14.7,5,9.7,78.7
BP_372516,433,8.5,8.1,3,1.3,81.6,,8.6,250,,,,,,,,,,
BP_372641,95,8.1,0.9,0,0,20.3,6.7,2.1,358,,,,,,,,,,
BP_372696,0,0,0,0,0,1.1,0,0,0,2 g,0,0,0,0,0,0,0,0,0
BP_372698,,,,,,,,,,10 ml,10.4,0.9,0,0,0,1.7,,1.3,489
BP_372730,400,0,0,0,0,100,,100,0,,,,,,,,,,
BP_372731,,,,,,,,,,5 ml,4,0.4,0,0,0,0.7,,0.5,327
BP_372733,45.9,5.4,0.6,0,0,4.8,,1.7,1058,,,,,,,,,,
BP_372853,212,13.7,14,5.6,0.05,7.9,0.3,0,620,,,,,,,,,,
BP_372860,343.6,6.2,0.72,0,0,78.1,,0,0,,,,,,,,,,
BP_373181,65,1.5,0.8,0,0,12.9,2.3,7.8,285,100 g,,,,,,,,,
BP_373397,367.6,19.3,25.8,4.3,0,12,,0.6,753,,,,,,,,,,
BP_373398,358.7,22.9,24.6,4.1,0,9,,0.5,755,,,,,,,,,,
BP_374815,107,10.7,0.5,1.8,0,5.3,0,3.6,1089,56g,60,6,2.5,1,0,3,0,2,610
BP_374818,169.9,16.3,10.8,3.8,0,2,,1.3,280,,,,,,,,,,
BP_375045,48,1.6,1.2,0,0,9.7,1.6,5.6,347,,,,,,,,,,
BP_375050,251,10.39,3.26,1,0,63.95,25.3,0.64,20,,,,,,,,,,
BP_375053,,,,,,,,,,100 ml,119,5.9,4.2,1.48,0,14.34,0.38,2.3,4.7
BP_375112,,,,,,,,,,100g,345,9.5,1.8,0,0,72.6,,2,924
BP_375689,61,0,0,0,0,14,0,14,0,,,,,,,,,,
BP_375814,,,,,,,,,,,,,,,,,,,
BP_376075,,,,,,,,,,11g,45,1,2,0.4,0,5,,0,890
BP_376079,900,0,100,6.8,0.3,0,0,0,0,,,,,,,,,,
BP_376084,900,0,100,6.8,0.3,0,0,0,0,,,,,,,,,,
BP_376087,900,0,100,6.8,0.3,0,0,0,0,,,,,,,,,,
BP_376093,825,0,91.7,12.7,2.5,0,0,0,0,,,,,,,,,,
BP_376094,137,17.9,6.6,1.4,0,2,0,1.2,357,,,,,,,,,,
BP_376114,212.2,13.4,15.5,5.5,0.1,6.1,0.9,0,605,,,,,,,,,,
BP_376345,559,7.7,34.8,20.5,0,55.2,3.4,49.9,60,,,,,,,,,,
BP_376346,559,6.5,36.6,21.5,0,56,6.5,46.4,11,,,,,,,,,,
BP_376578,124,3.3,0.2,0.2,0,26.1,,0,90,,,,,,,,,,
BP_376582,,,,,,,,,,200g,248,6.6,0.4,0.4,0,52.2,,0,180
BP_376586,,,,,,,,,,50g,211,5.7,8.1,4.1,0,28.7,,3.6,1200
BP_376794,343.3,6.9,0.65,0,0,77.5,1.1,,0,,,,,,,,,,
BP_377108,366,6.2,17.2,7.3,0,46.6,2,9.9,3,,,,,,,,,,
BP_377141,,,,,,,,,,,,,,,,,,,
BP_377384,,,,,,,,,,95g,439,10.7,19.3,9.8,0,55.7,,2.2,1672
BP_377643,,,,,,,,,,5 ml,6,0.4,0,0,0,1.2,,1,315
BP_377648,,,,,,,,,,17.1g,19,2.3,0.9,0.14,0,1.7,1.1,0.4,701
BP_377649,,,,,,,,,,15ml,7,0.2,0,0,0,1.6,0,1.2,340
BP_378434,,,,,,,,,,100g,458,12.6,20.8,9,0,55.2,,5,1670
BP_378839,92.5,3.1,3.3,2.4,0,12.5,,11.5,60,,,,,,,,,,
BP_378840,98.9,3.1,3.1,2,0,14.5,,13,65,,,,,,,,,,
BP_378841,93,3.1,3.1,2.4,0,13,,11,65,,,,,,,,,,
BP_379028,,,,,,,,,,,,,,,,,,,
BP_379491,,,,,,,,,,,420,8.8,21.9,10.5,0,46.9,,2.1,1700
BP_379538,900,0,100,15.4,0,0,0,0,0,,,,,,,,,,
BP_379683,60,3.4,0.7,0,0,14.2,4.2,3.8,15,,,,,,,,,,
BP_379948,898,0,99.6,16,0,0,,0,0,,,,,,,,,,
BP_380207,349,7.8,0.4,0.2,0,78.5,,0.1,0,,,,,,,,,,
BP_380208,349,7.8,0.4,0.2,0,78.5,,0.1,0,,,,,,,,,,
BP_380223,476,4,17,8,0,73,,5,492,,,,,,,,,,
BP_380225,596,4.6,64,12,0,0,,0,272,,,,,,,,,,
BP_380363,290,23.2,18.7,5.1,0,7.2,,4.2,943,,,,,,,,,,
BP_380664,,,,,,,,,,75g,319,9.2,11.8,5.1,0,43.9,,4.3,1530
BP_380685,134,3.1,0.6,0,0,30.4,1.3,0,113,,,,,,,,,,
BP_380686,140,1.2,0.8,0.5,0,32.1,0,0,16,,,,,,,,,,
BP_38120,360,11.5,5.9,3.5,0,64.3,,9.1,32,,,,,,,,,,
BP_38130,259,34,2.7,0,0,46.7,,19.4,23,,,,,,,,,,
BP_381312,348,6.8,0.75,0,0,78.61,1.45,0.48,17.28,,,,,,,,,,
BP_38134,317,1.9,0.6,0,0,75.9,,65.1,0,,,,,,,,,,
BP_381610,105,1.2,0.4,0,0,23,2,18,908,,,,,,,,,,
BP_38189,318,10,2.1,0.3,0,65.2,,16.7,28.1,,,,,,,,,,
BP_381906,89,4.9,0.6,0,0,19.7,3.6,6.6,400,,,,,,,,,,
BP_381978,67,0,0,0,0,20,,13.3,0,,,,,,,,,,
BP_381979,,,,,,,,,,5 ml,6,0.5,0,0,0,0.8,,0.5,319
BP_382067,356,9.4,2.7,0.6,0,73.6,8.5,0,2.2,,,,,,,,,,
BP_382432,148.9,18.7,8.2,1.1,0,0.3,,0.1,450,,,,,,,,,,
BP_382436,198.8,25,11,1.7,0,0,,0,450,,,,,,,,,,
BP_383606,450,10.6,18.9,9,0,58.4,,3.4,1140,91g,410,9.6,17.2,8.2,0,53.1,,3.1,1037
BP_383614,,,,,,,,,,80g,270,9.6,2.4,0.8,0.1,54.2,1.8,3.2,2130
BP_383621,,,,,,,,,,92g,424,8.5,18,8.5,0,56.9,,2.5,966
BP_383658,,,,,,,,,,200 g,264,2.8,1.6,0.8,0,61.6,2.2,1.8,61.6
BP_383690,357,7.3,4.6,0.4,0,71.7,,0.7,2506,65g,232,4.7,3,0.3,0,46.6,,0.5,1629
BP_383694,353,12,2,0.5,0,71.7,3,3.5,5,,,,,,,,,,
BP_383695,355.4,12,1.5,0.3,0,72.2,3,1,2,,,,,,,,,,
BP_383992,49,0,0,0,0,11.5,,10.3,0,,,,,,,,,,
BP_385308,,,,,,,,,,240ml,45,0,0,0,0,11,0,10,40
BP_385309,,,,,,,,,,240ml,45,0,0,0,0,11,0,10,40
BP_385965,,,,,,,,,,15ml,120,0,14,2,0,0,0,0,0
BP_386445,65,1.1,0,0,0,15.1,0,15.1,20,,,,,,,,,,
BP_386446,65,1.1,0,0,0,15.1,0,15.1,20,,,,,,,,,,
BP_387051,347,13.1,1.7,0,0,68.6,6.7,3.8,0.63,,,,,,,,,,
BP_387099,,,,,,,,,,1g,3,0.1,0.1,0.1,0,0.3,0,0.1,170
BP_387188,241,11.4,18.6,6.5,0,7,,0.2,733.7,,,,,,,,,,
BP_387191,194,13,14.2,5.2,0,4.6,,0.4,656,,,,,,,,,,
BP_387194,,,,,,,,,,5ml,4,0.2,0,0,0,0.7,,0.2,370
BP_387232,310,0,0.5,0,0,75,,73,29,,,,,,,,,,
BP_387241,,,,,,,,,,5ml,6,0.5,0,0,0,0.8,,0.5,319
BP_387243,60,0,0,0,0,15.1,,14.6,16,127g,77,0,0,0,0,19.2,,18.5,20
BP_387244,287,8.1,20.6,8.2,0,17.4,,0,620,,,,,,,,,,
BP_387286,,,,,,,,,,160g,139,4.2,7.7,5.1,0,13,,9.1,827
BP_387292,151,22.8,6.6,1.9,0.1,0,,0,365,,,,,,,,,,
BP_387372,,,,,,,,,,20g,100,1,6,3.5,0,10,1,2,800
BP_387811,76,2.3,1.6,0,0,16.2,3.2,5.2,138,,,,,,,,,,
BP_387820,58,1.1,0.7,0,0,12.9,1.2,4.4,280,,,,,,,,,,
BP_388055,825,0,91.7,12.7,2.5,0,0,0,0,,,,,,,,,,
BP_388056,825,0,91.7,12.7,2.5,0,0,0,0,,,,,,,,,,
BP_388395,349,8.6,1.7,0.4,0,70.8,,0,1772,,,,,,,,,,
BP_388693,338,33.9,1.6,0,0,47,,0,244,,,,,,,,,,
BP_388695,0,0,0,0,0,0,,0,38826,,,,,,,,,,
BP_388863,367,22,31,21,1.2,1,,1,570,,,,,,,,,,
BP_389399,20,0,0,0,0,4.9,0.2,3.8,3,350 ml,,,,,,,,,
BP_389431,358,11.6,10.3,1.9,0,66.8,12.1,0.9,0,,,,,,,,,,
BP_390724,44.9,4.4,2.7,0.4,0,2.4,1.8,0.6,0,,,,,,,,,,
BP_390725,40,4.3,1.9,0,0,2.5,1.1,0.5,0,,,,,,,,,,
BP_391017,,,,,,,,,,5ml,9,0.1,0,0,0,2.1,0,1.7,315
BP_391480,0,0,0,0,0,0,0,0,10,,,,,,,,,,
BP_391482,0,0,0,0,0,0,0,0,11,,,,,,,,,,
BP_391490,,,,,,,,,,,,,,,,,,,
BP_391752,,,,,,,,,,15ml,120,0,14,3,0.2,0,0,0,0
BP_391902,,,,,,,,,,13g,80,3,6,0,0,3,1,1,0
BP_391905,,,,,,,,,,34g,120,3,0.5,0,0,25,4,0,0
BP_391910,,,,,,,,,,1g,0,0,0,0,0,0,0,0,280
BP_394181,28.7,0.2,0,0,0,7,,3.9,25,,,,,,,,,,
BP_394185,23.9,0.1,0,0,0,6,,3.6,19,,,,,,,,,,
BP_394834,,,,,,,,,,,68.6,6,11,8,0,41,,11,514
BP_395543,269,22.5,14.9,3.2,0,11.1,,3.8,915,,,,,,,,,,
BP_395587,,,,,,,,,,200 g,119,6.2,8.8,3.2,0,3.8,,2.4,1220
BP_395591,,,,,,,,,,90g,33,4.6,0,0,0,3.7,,1.5,639
BP_395595,,,,,,,,,,5ml,6,0.4,0,0,0,1.1,,1.1,313
BP_395670,92,3.2,2.8,1.9,0,13.2,,13.2,32,90g,,,,,,,,,
BP_396414,,,,,,,,,,10 g,28,0.4,2.2,0.4,0.1,1.6,,1.1,145
BP_396725,,,,,,,,,,105g,438,11.9,15.2,9.9,0,63.4,,4.4,2457
BP_396729,28,4.4,0.5,0,0,1.3,,0.4,210,,,,,,,,,,
BP_396730,44,3.4,2.3,0.6,0,2.4,,0.6,220,,,,,,,,,,
BP_396732,11,0.8,0,0,0,1.5,,0,175,,,,,,,,,,
BP_396740,38,2.4,0,0,0,3.6,,1.2,208,,,,,,,,,,
BP_397388,268,12.1,6.6,2.4,0,40.7,0,5.6,13543,,,,,,,,,,
BP_397389,268,12.1,6.6,2.4,0,40.7,0,5.6,13543,,,,,,,,,,
BP_397610,460,5.3,46,4.1,0,5.5,1.5,2.4,1080,,,,,,,,,,
BP_397611,484,7.3,42,3.9,0,18,1.9,5.5,1120,,,,,,,,,,
BP_397730,284,3.9,12.4,7.2,0.16,39.1,,20.6,72,,,,,,,,,,
BP_398520,,,,,,,,,,195g,605,13,25,9,0,82,,6,1250
BP_398646,28,3.2,1.5,0.4,0,1.3,,0.4,169,,,,,,,,,,
BP_398805,,,,,,,,,,,,,,,,,,,
BP_398811,,,,,,,,,,,,,,,,,,,
BP_400189,,,,,,,,,,16.8g,45,0.6,2.8,0.1,0,4.7,0.4,2.2,364
BP_400190,,,,,,,,,,14.9g,54,0.1,5,0.4,0,2.4,0.2,0,408
BP_400191,,,,,,,,,,15ml,17,0.3,0,0,0,4,0,3.5,547
BP_400668,199,9.5,15,5.7,0,6.5,,0.4,640,,,,,,,,,,
BP_400670,418,7.9,12.8,6.7,0,67.9,,2.9,1808,118g,494,9.3,15.1,7.9,0,80.1,,3.4,2133
BP_400672,,,,,,,,,,97 g,363,9.7,3.4,1,0,72,,4,1880
BP_400677,,,,,,,,,,75g,328,7.1,13.5,6.3,0,44.6,,3.5,1500
BP_400709,265.3,7.4,23.3,8.3,0,6.5,,1.4,679,60g,159.2,4.4,14,5,0,3.9,,0.8,407
BP_400887,,,,,,,,,,48g,180,6,2,0,0,34,4,1,0
BP_401308,357,15,1.5,0.3,0,69,,1.4,4,,,,,,,,,,
BP_401316,357,15,1.5,0.3,0,69,,1.4,4,,,,,,,,,,
BP_401347,43,0.7,0,0,0,9.5,,8.2,1,,,,,,,,,,
BP_401360,0,0,0,0,0,0,,0,3.12,,,,,,,,,,
BP_401690,347,7.2,0,0,0,78.8,,0,17.1,,,,,,,,,,
BP_401706,,,,,,,,,,15ml,120,0,14,1,0.1,0,0,0,0
BP_401815,0,0,0,0,0,0,0,0,3.3,,,,,,,,,,
BP_401887,,,,,,,,,,,,0,0,0,,,,0.1,
BP_401906,541,7.6,30.9,13.7,0.4,59.6,1.6,18.4,409,,,,,,,,,,
BP_401908,564,6.2,38.7,23.7,0.3,51.9,4.1,16.5,58,,,,,,,,,,
BP_402667,109,4.1,0,0,0,86,63,0,59,,,,,,,,,,
BP_402765,0,0,0,0,0,0,,0,38261,,,,,,,,,,
BP_402789,364,12.5,2,0.5,0,71.2,3,3.5,5,,,,,,,,,,
BP_402794,359,12.5,2,4,0,71.2,3,3.5,5.2,,,,,,,,,,
BP_402795,73,1.9,4.5,0.5,0,6.2,2.1,4.8,420,,,,,,,,,,
BP_402977,,,,,,,,,,75 g,253,0.5,0,0,0,62,0.5,0,10
BP_402979,,,,,,,,,,5 ml,6,0.5,0,0,0,0.9,,0.7,312
BP_402980,,,,,,,,,,5 ml,13,0.1,0,0,0,3.1,,1.3,240
BP_402981,45,2.9,0.7,0,0,5.9,,4.5,3370,,,,,,,,,,
BP_402999,,,,,,,,,,10g,57,1.1,5.3,0.5,0,1.2,,0.7,197
BP_403096,,,,,,,,,,36g,158,4.2,6.9,3.4,0,19.8,,2.1,846
BP_403124,466,6,24.9,2.6,0,54.5,,28.3,634,,,,,,,,,,
BP_403140,,,,,,,,,,125 g,56,1.2,0.4,0.1,0,12,0.9,4.9,305
BP_403167,341,6.8,1.1,0.4,0,77,1,0,5,,,,,,,,,,
BP_403168,341,6.8,1.1,0.4,0,77,1,0,5,,,,,,,,,,
BP_403241,,,,,,,,,,,331,3.5,20.1,8.2,0,34.3,,1.1,51
BP_403340,,,,,,,,,,125 g,74,1.9,1,0.2,0,14.1,3,5.9,186
BP_403352,58,1.9,1.3,0.3,0,9.7,4.1,4.9,168,120g,70,2.3,1.6,0.4,0,11.6,4.9,5.9,202
BP_403769,18,2.2,0.4,0.1,0,1.7,0.4,0.6,124,,,,,,,,,,
BP_403770,17,3.3,0.4,0.2,0,0,0,0,147,,,,,,,,,,
BP_403774,47,3.2,2.8,0.3,0,2.2,,0.5,210,,,,,,,,,,
BP_403909,34,0,0,0,0,8.5,,7.5,13,,,,,,,,,,
BP_404419,353,12.8,2,0.5,0,70.9,3,3.5,5,,,,,,,,,,
BP_404531,502,8.2,24.2,10.1,0.1,62.8,,2.9,1060,,,,,,,,,,
BP_405339,169,0,17.5,15.1,0,2.9,,1,18,,,,,,,,,,
BP_405340,169,0,17.5,15.1,0,2.9,,1,18,,,,,,,,,,
BP_405551,,,,,,,,,,16g,18,0,0,0,0,4.4,0.1,3.9,13
BP_405552,,,,,,,,,,16g,17,0,0,0,0,4.4,0.1,3.9,13
BP_405554,,,,,,,,,,16g,17,0,0,0,0,4.3,0.1,3.8,12
BP_405762,197,9.3,14.6,4.3,0,7,,2.3,183,30g,59.1,2.8,4.4,1.3,0,2.1,,0.7,55
BP_405778,,,,,,,,,,15ml,120,0,14,1,0,0,0,0,0
BP_405948,,,,,,,,,,236ml,155,5.7,3.3,2.1,0,25.5,,25.3,215
BP_406608,190,0.5,0.6,0,0,45,,45,1425,,,,,,,,,,
BP_406623,,,,,,,,,,5 ml,1,0,0,0,0,0.03,,0,0
BP_406625,55.3,1.1,2.9,0.5,0,6.2,,0,400,,,,,,,,,,
BP_406626,194,14.5,13.1,4.4,0,4.6,,0,696,,,,,,,,,,
BP_406637,290,14,24,9.6,0,4,,0,850,,,,,,,,,,
BP_406638,290,14,24,9.6,0,4,,0,850,,,,,,,,,,
BP_406640,,,,,,,,,,225 g,353,14,6.2,0,0,59.5,,2.2,435
BP_406772,16.25,0,0,0,0,4.1,0,3.5,0.6,350ml,56.6,0,0,0,0,14.5,0,12.3,2
BP_406774,15,0,0,0,0,3.5,0.9,3.3,0.5,350ml,52.79,0,0,0,0,12.3,3.2,11.6,1.8
BP_406776,16.25,0,0,0,0,4.1,0,3.5,0.6,350ml,56.6,0,0,0,0,14.5,0,12.3,2
BP_408383,345,12,1.4,0.6,0,74,3,3.3,5,,,,,,,,,,
BP_408903,,,,,,,,,,173g,81,1,2.7,2,0,15,,3,250
BP_409088,30,3.8,1.2,0.2,0,1.2,0.3,0.9,139,,,,,,,,,,
BP_409089,20,3.9,0.3,0.1,0,1.6,1.1,0,146,,,,,,,,,,
BP_409098,378,7.1,17.1,9.8,0,48.3,,41.9,376,,,,,,,,,,
BP_40931,103,15,3.1,0.9,0,3.5,0,0,270,60g,61,9,1.86,0.54,0,2.1,0,0,162
BP_409981,,,,,,,,,,112g,506,9.6,24.1,9.4,0,62.7,,8.6,1344
BP_410257,,,,,,,,,,90g,42,5.3,0,0,0,5.3,,4.9,639
BP_410292,,,,,,,,,,160g,505,10,23,12,0,65,,2,1020
BP_410574,189,19.2,8.2,1.8,0,12.5,,9.4,562,,,,,,,,,,
BP_410779,121,2.1,2.1,0,0,27,2.1,19,,5 ml,,,,,,,,,
BP_411024,360,7,0.5,0,0,81,0.54,0,10,,,,,,,,,,
BP_411025,360,7,1,0,0,80,0.53,0,10,,,,,,,,,,
BP_411027,,,,,,,,,,90g,37,4.5,0,0,0,4.8,,1.9,792
BP_411028,,,,,,,,,,5g,10,0,0,0,0,5,,0.5,0
BP_411037,,,,,,,,,,97g,363,9.7,3.4,1,0,72,,4,1880
BP_411353,,,,,,,,,,35g,13,0.7,0.2,0,0,2,1.4,0,760
BP_411354,,,,,,,,,,30g,76,2,8,1,0,1,1,2,180
BP_411367,480,7.6,25,12.4,0,58,1.8,14.8,91,,,,,,,,,,
BP_411777,61,0,0,0,0,15.1,,13.9,8,,,,,,,,,,
BP_411889,,,,,,,,,,7g,40,0.3,2.6,1.5,0,4,,2.6,20
BP_412230,,,,,,,,,,230g,160,0.3,0.1,0,0,39.6,,37.7,79
BP_412345,0,0,0,0,0,0,,0,0,,,,,,,,,,
BP_412392,,,,,,,,,,10 g,14,0.5,0,0,0,2.9,,2.1,438
BP_412394,,,,,,,,,,15ml,120,0,14,2,0.2,0,0,0,0
BP_412395,,,,,,,,,,15ml,120,0,14,1,0.2,0,0,0,0
BP_413060,834,0,92.7,21.8,0,0,,0,0,,,,,,,,,,
BP_413274,,,,,,,,,,114 g,503,11.3,24.4,10.5,0,59.6,,4.2,1392
BP_413275,,,,,,,,,,75g,344,8.2,17,8,0,39.5,,5.1,1290
BP_413333,,,,,,,,,,280g,555,8.4,7.5,2.6,0,24.3,,2,404
BP_413441,354,6.5,0.8,0,0,78.4,,78.1,0,,,,,,,,,,
BP_413493,,,,,,,,,,250ml,120,0,0,0,0,30,,26,25
BP_413646,9,0.7,0.1,0,0,1.4,,1.2,787,,,,,,,,,,
BP_413710,0,0,0,0,0,0,,0,27,,,,,,,,,,
BP_414148,,,,,,,,,,41g,179,4.1,3.3,3.4,0,22,,2,983
BP_414159,356,13.3,14.1,2.4,0,29.9,,2.1,62,,,,,,,,,,
BP_415605,,,,,,,,,,,,,,,,,,,
BP_415837,,,,,,,,,,16.6g,27,0.3,1.8,0.1,0,25,0.2,1.8,814
BP_415936,,,,,,,,,,230g,205,0.3,3.6,3.5,0.1,42,,41,79
BP_416081,,,,,,,,,,10g,10,0.1,0,0,0,2.3,,1.8,315
BP_416621,,,,,,,,,,15ml,120,0,14,2,0,0,0,0,0
BP_416623,,,,,,,,,,15ml,120,0,14,3.4,0,0,0,0,0
BP_416638,,,,,,,,,,46 g,156,2.6,10.1,1.7,0,13.7,,11.5,975
BP_416639,,,,,,,,,,10 g,16,0.2,0.4,0.1,0,2.8,,2.7,256
BP_417130,493,8.6,20.9,,,67.6,3.1,7.3,860,85g,419,7.3,17.8,,,57.43,2.6,6.2,731
BP_417195,192,10,12,3,0,11,,1,767,,,,,,,,,,
BP_417303,320,4.9,0.2,0,0,74.6,,55,32,,,,,,,,,,
BP_418037,821,0,91.1,14.2,0,0,0,0,0,,,,,,,,,,
BP_418131,475,21.7,32.8,11.2,0,23.3,0,22.6,1221,,,,,,,,,,
BP_418132,493,20.1,34,11.6,0,26.6,0,23.5,1232,,,,,,,,,,
BP_418236,31,0,0,0,0,7.4,,7.4,17,,,,,,,,,,
BP_418690,,,,,,,,,,,,,,,,,,,
BP_420055,,,,,,,,,,,389,2.6,23.2,11.2,0.127,42.4,,21.4,115
BP_420104,47,1.8,1.5,0.4,0,6.6,,6.5,40,,,,,,,,,,
BP_420239,233,12.8,17.3,6.8,0,6.5,1.2,1,842,100 g,233,12.8,17.3,6.8,0,6.5,1.2,1,842
BP_420240,166,16.6,9.5,3.1,0,3.5,2.2,0,532,100g,166,16.6,9.5,3.1,0,3.5,2.2,0,532
BP_420576,,,,,,,,,,39g,190,3,9,5,0,26,2,12,115
BP_420578,,,,,,,,,,32g,170,4,10,5,0,17,1,12,100
BP_420579,,,,,,,,,,106 g,44,6.1,0,0,0,4.9,,2.2,816
BP_420785,400,0,0,0,0,100,0,100,0,,,,,,,,,,
BP_421116,0,0,0,0,0,0,,0,3.12,,,,,,,,,,
BP_421128,510,23.3,28.8,20,1.4,38.8,,36.7,300,,,,,,,,,,
BP_421165,448,3.7,15.4,11.5,0,73.6,5.8,17.4,35,30g,134,1.1,4.6,3.5,0,22.1,1.7,5.2,11
BP_421349,46,0.1,0.1,0,0,10.8,0.2,10.3,0,,,,,,,,,,
BP_421467,37,0,8,0,0,8,,8,52,,,,,,,,,,
BP_421524,,,,,,,,,,140g,530,12,16,8,0,85,,7,1280
BP_421532,,,,,,,,,,105g,425,9,15,8,0,63,,8,950
BP_422043,0,0,0,0,0,0,,0,23,,,,,,,,,,
BP_422253,46,1.4,1.5,0,0,8,1.3,5.3,246,,,,,,,,,,
BP_422267,112,1.6,0,0,0,27.9,1.6,23,1300,,,,,,,,,,
BP_422627,,,,,,,,,,75g,352,8.7,17,7.7,0,41,,2.9,1214
BP_422682,,,,,,,,,,90g,43,4.3,0,0,0,6.4,,4.7,468
BP_422873,,,,,,,,,,15ml,120,0,14,1,0,0,0,0,0
BP_422908,52,1.5,0.2,0.1,0,10.3,,6.6,672,,,,,,,,,,
BP_423981,610,0.6,64,10.2,1.9,10.3,0,9.8,561,,,,,,,,,,
BP_424073,28,0,0,0,0,1.7,,0,0,,,,,,,,,,
BP_424312,38,0,0,0,0,8.6,,8.5,40,,,,,,,,,,
BP_424891,365,12,0.6,0,0,78,,1,115,,,,,,,,,,
BP_424904,150,9.6,3.8,0.2,0.2,0.1,,0.1,490,,,,,,,,,,
BP_424905,238,11.4,18.5,5.3,0,6.5,,0,1025,340g,809,38.8,62.9,18,0,22.1,,0,3485
BP_426146,283,13.5,4.1,1,0,46.8,2.8,16.5,,,,,,,,,,,
BP_426147,298,18.2,5.1,2.5,,41.6,6.5,9.6,,,,,,,,,,,
BP_426729,,,,,,,,,,75g,311,7.6,12.1,7.8,0,43,,4.9,2318
BP_426802,,,,,,,,,,10 g,26,1.5,1.7,0.3,0.1,1.1,,0.6,523
BP_426803,,,,,,,,,,10 g,11,0.4,0.6,0.1,0,1,,1,409
BP_426813,,,,,,,,,,5ml,3,0.3,0,0,0,0.6,0.06,0.4,337
BP_426817,202,24.2,11.5,1.5,0,0.3,,0.2,400,,,,,,,,,,
BP_426841,148,0,0,0,0,35.4,0,2.8,1170,17g,25,0,0,0,0,6,0,0.5,199
BP_427605,400,0,0,0,0,99.9,,95.4,0,,,,,,,,,,
BP_427606,399,0,0,0,0,99.7,,97.2,0,,,,,,,,,,
BP_427729,280,9,12,6,0,34,1,11,700,,,,,,,,,,
BP_427739,,,,,,,,,,100ml,31,0,0,0,0,7.7,,7.7,90
BP_427750,40,0.3,0,0,0,9.6,0,8.3,50,,,,,,,,,,
BP_427751,40,0.3,0,0,0,9.6,0,8.3,50,,,,,,,,,,
BP_428316,,,,,,,,,,60ml,210,0,0,0,0,53,,53,1
BP_428336,,,,,,,,,,15ml,120,0,14,3,0.1,0,0,0,0
BP_428346,25.4,0,0,0,0,6.26,0,3.45,19,250ml,60,0,0,0,0,15.7,0,8.63,48
BP_428788,,,,,,,,,,10 g,17,0.2,0,0,0,4.1,,2.6,386
BP_429234,128,8.8,3.4,0.29,0.19,15.3,,15,1000,,,,,,,,,,
BP_429352,65,0,0,0,0,14.5,,14,200,,,,,,,,,,
BP_429490,53,1.1,2.5,0.4,0,6.1,,0.5,563,,,,,,,,,,
BP_429521,,,,,,,,,,26 g,106,0,2.4,1.6,0,22.7,1.6,11.3,37
BP_429575,42,0,0,0,0,0,0,0,0,,,,,,,,,,
BP_429984,24,0,0,0,0,0,,0,0,,,,,,,,,,
BP_430101,22,0,0,0,0,5.6,,5.5,0,,,,,,,,,,
BP_430103,29,0,0,0,0,7.3,,7.3,7,,,,,,,,,,
BP_430122,22,1,0,0,0,4.4,1.1,3.3,9,,,,,,,,,,
BP_430124,38,0.2,0,0,0,9.3,0,7.9,22,,,,,,,,,,
BP_430125,38,0.2,0,0,0,9.3,0,7.9,22,,,,,,,,,,
BP_430352,,,,,,,,,,69g,325,6.1,15,7.4,0,41.3,,4.2,1110
BP_431900,,,,,,,,,,90 g,292,10,6,1,0,59,0.8,1.2,1591
BP_432191,0,0,0,0,0,0,,0,0.65,,,,,,,,,,
BP_433032,51,0.1,0,0,0,12.7,,12.7,0,,,,,,,,,,
BP_433352,0,0,0,0,0,0,,0,0.2,,,,,,,,,,
BP_433699,0,0,0,0,0,0,,0,30,,,,,,,,,,
BP_43396,668,16,56.4,12,0,24.2,7.2,0.8,64,,,,,,,,,,
BP_434621,355,13,1.7,0.57,0,72,,2.37,0.53,,,,,,,,,,
BP_434622,365,9,1.9,0.6,0,78,,1,0,,,,,,,,,,
BP_434635,245,4.2,2.7,0.6,0,51,,27,1830,30 g,,,,,,,,,
BP_434638,175,3.5,0.7,0,0,40,,27.8,2395,,,,,,,,,,
BP_434639,154,3,0,0,0,36,,33,1707,,,,,,,,,,
BP_434640,161,2,0,0,0,38,,36,1866,,,,,,,,,,
BP_434674,,,,,,,,,,5 ml,12,0.1,0,0,0,3,,1.2,196
BP_434675,83,0.6,4.8,2,0,9.3,0,1.4,392,127g,105,0.8,6.1,2.5,0,11.8,0,1.8,498
BP_434679,,,,,,,,,,5ml,6,0.5,0,0,0,0.7,,0.6,317
BP_434694,284,7.2,4.5,0.4,0.1,52,1.9,1.5,920,,,,,,,,,,
BP_434696,,,,,,,,,,15ml,12,1.7,0,0,0,1.3,,1.1,1226
BP_434697,,,,,,,,,,15ml,17,2.2,0,0,0,1.9,0,1.6,1472
BP_434698,,,,,,,,,,3.5g,10,0,0,0,0,1.4,0,0.5,252
BP_434699,348,1.7,32.5,5.5,0.9,13.2,0,11.5,1049,,,,,,,,,,
BP_434729,,,,,,,,,,32g,40,3,3.5,2,0,,,0,20
BP_434943,331,7.2,2.6,0.8,0,76,6.3,0.5,0,,,,,,,,,,
BP_435302,180,23,10,1.5,0,0,,0,500,,,,,,,,,,
BP_435413,100,23,1,0,0,0,,0,390,,,,,,,,,,
BP_435490,,,,,,,,,,,,,,,,,,,
BP_435491,,,,,,,,,,,,,,,,,,,
BP_435920,103,0.9,10,2.1,0,6.1,3,0,880,,,,,,,,,,
BP_435931,141,14.8,6,2.4,0.7,6.9,,1.7,702,,,,,,,,,,
BP_436159,510,6.3,25,15,0,66,0,31.2,219,,,,,,,,,,
BP_437252,210,2.7,20,13,0.7,4,0,4,40,20 ml,42,0.5,4,2.6,0.1,0.8,0,0.8,8
BP_437380,184,15.5,11.9,3.7,0,4.5,0.9,0.7,633,,,,,,,,,,
BP_437381,184,15.5,11.9,3.7,0,4.5,0.9,0.7,633,,,,,,,,,,
BP_437382,184,15.5,11.9,3.7,0,4.5,0.9,0.7,633,,,,,,,,,,
BP_437662,,,,,,,,,,15ml,120,0,14,2,0.1,0,0,0,0
BP_437663,,,,,,,,,,15ml,120,0,14,2,0.1,0,0,0,0
BP_437933,,,,,,,,,,15ml,21,0.1,0,0,0,5.2,0,4.4,889
BP_438099,617,18.9,31.3,4.9,0,65,,21.4,2545,,,,,,,,,,
BP_438364,63,1.7,2.6,0.4,0,7.9,,1.5,699,,,,,,,,,,
BP_438368,464,16.2,16.6,1.5,0,62.5,10.8,12.3,561,,,,,,,,,,
BP_438383,744,0.6,82,52,2.9,0.6,0,0.6,0.05,,,,,,,,,,
BP_438907,,,,,,,,,,10g,74,0.06,8.11,4.9,0,0.06,,0.06,72
BP_439599,360,11,3,0,0,72,9,0,0,1g,,,,,,,,,
BP_440049,354,5,1.2,0.8,0,76,,2.5,11.7,,,,,,,,,,
BP_440375,,,,,,,,,,15g,45,0,2,0,0,8,0,0,5
BP_440418,,,,,,,,,,100 g,460,9.5,16,8,0,68,1.8,4,1790
BP_440601,423,9.3,20.1,3,0,53,2.2,28.5,381,,,,,,,,,,
BP_440615,27,0,0,0,0,6.7,,6.1,7,,,,,,,,,,
BP_440937,24,0,0,0,0,0,,0,0,,,,,,,,,,
BP_441021,,,,,,,,,,149g,140,3,10,4.5,0,8,0,3,540
BP_441670,19,0.8,0.1,0.1,0,3.3,,2.7,245,,,,,,,,,,
BP_442441,65,0,0,0,0,16.7,1.2,15.4,0,,,,,,,,,,
BP_442442,70,0,0,0,0,17.7,1.1,16.4,0,,,,,,,,,,
BP_442443,70,0,0,0,0,17.7,1.1,16.4,0,,,,,,,,,,
BP_442444,245,8.7,19.1,5.8,0,9.5,0,5.8,587,,,,,,,,,,
BP_442445,245,8.7,19.1,5.8,0,9.5,0,5.8,587,,,,,,,,,,
BP_443258,,,,,,,,,,,,,,,,,,,
BP_443282,,,,,,,,,,43 g,153,3.8,3,1.5,0,27.6,,2.7,750
BP_443289,,,,,,,,,,56 g,249,4,11.8,5.9,0,31.7,,3.2,965
BP_444690,,,,,,,,,,125ml,81,0,0,0,0,20,,19,6
BP_444692,,,,,,,,,,125ml,86,0,0,0,0,21,,13,6
BP_445808,327,5.5,0,0,0,75.9,,54.3,16,,,,,,,,,,
BP_445953,33,0,0,0,0,7.9,,7.9,31,,,,,,,,,,
BP_446986,,,,,,,,,,,,,,,,,,,
BP_447095,,,,,,,,,,75g,308,7.9,11.1,7.2,0,44.1,,3.7,1815
BP_447100,291,15.4,24,10,0,3.4,,1.6,608,,,,,,,,,,
BP_447119,,,,,,,,,,1g,2,0,0.1,0.1,0,0.3,0,0.2,160
BP_447324,567,5.9,35,20.4,0,57.6,2.8,44.1,51,,,,,,,,,,
BP_447668,124,7.2,2.3,0.3,0,15,7.5,0,32,,,,,,,,,,
BP_447707,541,7.8,30.3,17.3,0.2,59.4,1.3,49.6,62,,,,,,,,,,
BP_447905,,,,,,,,,,15ml,120,0,14,2,0,0,0,0,0
BP_447910,,,,,,,,,,15ml,120,0,14,1,0,0,0,0,0
BP_448495,356,6.1,0.9,0.29,0,77.1,,0.12,1,,,,,,,,,,
BP_448557,314,10.2,5.1,0.9,0,74.8,18.1,0.7,7,25 g,79,2.6,1.3,0.2,0,18.7,4.5,0.2,2
BP_448558,392,17.6,33.8,3.2,0,38.6,34.4,1.8,83,,,,,,,,,,
BP_448560,358,9,3.1,1.1,0,73.5,1.6,0,4,,,,,,,,,,
BP_448566,356,8,3.1,0.6,0,74.1,4.3,0.5,2.5,,,,,,,,,,
BP_448569,591,25.5,54.3,2.8,0,15.4,15.3,0,50,25 g,148,6.4,13.6,0.7,0,3.9,3.8,0,13
BP_449343,,,,,,,,,,80g,292,8.6,5.3,1.8,0,52.4,,1.8,2304
BP_449599,,,,,,,,,,1.4 g,0,0,0,0,0,0,,0,540
BP_449600,,,,,,,,,,1.4 g,0,0,0,0,0,0,,0,540
BP_449829,228,10,16,4.5,0,0,,0,618,,,,,,,,,,
BP_449950,163,1.7,15.6,3.07,0,0.7,,0.5,760,,,,,,,,,,
BP_450610,30,0,0,0,0,7.4,,7.4,11,,,,,,,,,,
BP_450611,,,,,,,,,,29g,121,2,5,2.3,0.1,17,0,10,70
BP_450747,,,,,,,,,,10g,56,0.3,3.4,1.8,0,6.2,,6.1,15.8
BP_450965,23.2,0.2,0,0,0,5.6,,5,18,,,,,,,,,,
BP_451167,153,2.53,12.6,0.88,0,6.06,,4.2,2333,,,,,,,,,,
BP_451584,352,7.5,0.6,0,0,79,1.7,0,1.5,,,,,,,,,,
BP_452041,507,8.5,23.1,11.5,0.1,62.2,,28.9,162,,,,,,,,,,
BP_452113,,,,,,,,,,15ml,0,0,13.9,2.1,0.1,0,0,0,0
BP_452673,,,,,,,,,,19.1g,33,0.3,0.1,10,0,7.8,0,6.2,692
BP_453267,,,,,,,,,,10 g,1,0,0,0,0,0.3,,0.2,62
BP_453274,564,7.8,34.1,20.4,0.2,56.4,2.3,38.8,106,,,,,,,,,,
BP_45340,,,,,,,,,,22g,35,2.1,1.7,0.6,0,2.7,,1,193
BP_454041,,,,,,,,,,57 g,205,8.4,3.2,0.9,0,34.9,0.6,1.5,1135
BP_454433,45,1.3,1.8,0.4,0,4.8,2.4,4.5,260,,,,,,,,,,
BP_454942,,,,,,,,,,5 ml,6,0.4,0,0,0,0.9,,0.8,338
BP_455395,252,0,0,0,0,67,,62,0,,,,,,,,,,
BP_455880,,,,,,,,,,15ml,120,0,14,2,0.1,0,,0,0
BP_455881,349,7.8,1,0,86,77.3,,0,9,,,,,,,,,,
BP_457241,340,35,0,0,0,50,,48.6,371,28 克 g,95,9.8,0,0,0,14,,13.6,104
BP_457242,363,26.3,4.6,3.1,0,54.3,,39.4,329,35 克 g,127,9.2,1.6,1.1,0,19,,13.8,115
BP_457243,340,32.9,0,0,0,52.1,,52.1,425,28 克 g,95,9.2,0,0,0,14.6,,14.6,119
BP_457590,355,6.5,0.5,0,0,81.2,0,0,0,,,,,,,,,,
BP_457710,45,0,0,0,0,11,,10,40,240ml,,0,0,0,0,11,0,,40
BP_458246,492,4.3,21,10.1,0.1,72.8,2.5,38.4,534,20.4g,100,0.9,4.3,2.1,0,14.8,0.5,7.8,109
BP_458465,,,,,,,,,,2 g,10,0,1,0,0,0,0.4,0,20
BP_458492,352,8.1,1.6,0,0,76.5,,0,0,,,,,,,,,,
BP_458505,345,7.8,1,0.2,0,77,0.9,0.9,1,70g,242,5.5,0.7,0.1,0,53.9,0.6,0.6,1
BP_458544,,,,,,,,,,80g,272,9.8,3.1,2.3,0,53.2,2,2.7,1972
BP_458929,503,5,9.9,6.3,0.3,6.3,0.5,2.1,440,,,,,,,,,,
BP_458935,414,1.4,7.8,5,0.4,6,0,2.1,429,,,,,,,,,,
BP_459028,,,,,,,,,,,,,,,,,,,
BP_459030,,,,,,2,,,,,,,,,,,,,
BP_459111,,,,,,,,,,1g,1.6,0.14,0.01,0.01,0,0.21,0.02,0.02,239
BP_459164,,,,,,,,,,5 ml,41,0,4.6,0.6,0.03,0,,0,0
BP_459196,356,8.8,0,0.2,0,80.3,,50.5,10,,,,,,,,,,
BP_459222,,,,,,,,,,15 ml,120,0,14,13,0,0,0,0,0
BP_459246,453,5.4,24.3,7.4,2.5,54,94.3,22,131,,,,,,,,,,
BP_459311,,,,,,,,,,10 ml,20,0.3,0,0,0,4.4,,3.8,229
BP_459327,,,,,,,,,,215g,282,4.4,3.4,0,0,57.6,6,2.5,1613
BP_459431,77,1.6,3.8,0.4,0,8.8,,3.7,644,,,,,,,,,,
BP_459656,0,0,0,0,0,0,,0,0.82,,,,,,,,,,
BP_459736,157,4.9,11.7,2.7,0,8.1,,6.7,2000,,,,,,,,,,
BP_459751,110,8,2,1.2,0,15,,14,30,,,,,,,,,,
BP_459829,7,0.7,0,0,0,1.3,1.2,0,331,,,,,,,,,,
BP_459831,9,0.8,0,0,0,2.7,2.2,0,337,,,,,,,,,,
BP_459960,394,5.4,16.6,5.8,2.4,55.8,,22.1,139,,,,,,,,,,
BP_459971,,,,,,,,,,101g,434,11.3,17.3,11.2,0,58.3,,5.7,2020
BP_460723,538,11.3,32.9,13.1,0.1,49.2,,28.2,159,,,,,,,,,,
BP_460757,527,5.1,29.8,14.8,0.2,61.5,,21,256,,,,,,,,,,
BP_460850,349,8.4,3.8,1,0,70.3,6.1,0,0,,,,,,,,,,
BP_461087,365,7.7,2.7,1.1,0,77.5,1.6,1.9,2,,,,,,,,,,
BP_461088,348,9.4,2.4,1.4,0,72.2,3.9,0.4,7,,,,,,,,,,
BP_461441,16,0,0,0,0,4.1,0,4.1,23,,,,,,,,,,
BP_461502,,,,,,,,,,,,,,,,,,,
BP_462292,,,,,,,,,,45 g,161,7,1,0.4,0,31,1.3,1.3,601
BP_463096,,,,,,,,,,40g,130,2,0,0,0,30,0,23,10
BP_463171,,,,,,,,,,210 g,310,6,1.5,0.5,0,68,,0,15
BP_463181,,,,,,,,,,300 g,450,8,3,1,0,97,,0,30
BP_463203,359,10.2,1.4,0,0,76.5,,0,0,,,,,,,,,,
BP_463248,,,,,,,,,,130g,49,0,0,0,0,12.5,,10.2,76
BP_463250,,,,,,,,,,130g,49,0,0,0,0,12.5,,9.9,76
BP_463251,,,,,,,,,,130g,50,0,0,0,0,12.4,,10.7,122
BP_463619,,,,,,,,,,10 g,15,0.9,0.6,0.1,0,1.6,,1.6,445
BP_463928,393,7.1,8.9,5.4,0,71.4,3.6,7.1,2036,,,,,,,,,,
BP_464309,,,,,,,,,,120g,510,9,16,8,0,81,,5,1960
BP_464714,356,6.1,0.9,0.29,0,77.1,,0.12,1,,,,,,,,,,
BP_465154,295,1.6,0.2,0,0,70.5,,50.6,9,,,,,,,,,,
BP_465510,,,,,,,,,,106 g,44,6.7,0,0,0,4.2,,2.5,721
BP_465517,,,,,,,,,,63g,24,3.1,0,0,0,2.8,,1.3,536
BP_465620,,,,,,,,,,63 g,24,3.1,0,0,0,2.8,,1.3,536
BP_465680,306,0,0,0,0,76.4,,76.4,0,,,,,,,,,,
BP_465684,46,0.2,0.4,0,0,9.7,,9.2,0,,,,,,,,,,
BP_465720,,,,,,,,,,,,,,,,,,,
BP_466258,,,,,,,,,,75g,327,7.4,13.6,8.8,0,43.7,,4.3,1943
BP_466337,,,,,,,,,,100g,29,0,0,0,0,6,3,0,0
BP_466338,,,,,,,,,,100g,29,0,0,0,0,6,3,0,0
BP_466340,,,,,,,,,,100g,29,0,0,0,0,6,3,0,0
BP_466452,268,1.7,17.6,2.6,0,23.2,4.9,18.1,1560,15g,40,0.3,2.6,0.4,0,3.5,0.7,2.7,240
BP_466713,0,0,0,0,0,0,,0,38758,,,,,,,,,,
BP_466714,0,0,0,0,0,0,,0,38758,,,,,,,,,,
BP_466837,7,0,0,0,0,1.7,,0,0,0.8 g,0,0,0,0,0,0,,0,0
BP_466848,,,,,,,,,,5 ml,3,0.5,0,0,0,0.3,,0.2,344
BP_466851,,,,,,,,,,5 ml,5,0.2,0,0,0,0.8,,0.7,52
BP_46698,354,0,0,0,0,89.2,1.7,0,7,,,,,,,,,,
BP_467232,,,,,,,,,,127g,477,14.7,13.6,2.4,0,73.9,,4.1,1252
BP_467824,,,,,,,,,,15ml,120,0,14,1,0.1,0,0,0,0
BP_467825,,,,,,,,,,15ml,120,14,1,0,0,0,0,0,0
BP_467826,,,,,,,,,,15ml,120,14,1,0,0,0,0,0,0
BP_467851,153,3.9,8.1,1.1,0,11.2,9.4,2.1,2040,15g,23,0.6,1.2,0.2,0,1.7,1,0.3,320
BP_467858,64,12.5,0,0,0,2.5,,,9298,15ml,10,2,0,0,0,0,,0,1390
BP_467882,332,21.4,26.9,15.9,1.3,1.2,,1.2,1037,5g,17,1.1,1.3,0.8,0.1,0.1,,0.1,52
BP_468311,376,12,17.3,3.3,0,29.4,,10.3,30,,,,,,,,,,
BP_468325,319,14.1,12.9,2.1,0,19.1,,10.3,68,,,,,,,,,,
BP_469033,182,15,11.1,3.4,0,5.1,0.5,1.2,601,100 g,182,15,11.1,3.4,0,5.1,0.5,1.2,601
BP_469034,204,13.6,14.2,5.6,0,5.4,0.5,0,728,100 g,204,13.6,14.2,5.6,0,5.4,0.5,0,728
BP_470242,,,,,,,,,,12g,100,1,10,4,0,1,0,0,0
BP_470433,28,0,0,0,0,7.1,,7.1,0,,,,,,,,,,
BP_470434,15,0,0,0,0,3.8,,2.9,0,,,,,,,,,,
BP_470435,36,0,0,0,0,9,,7.4,0,,,,,,,,,,
BP_471477,,,,,,,,,,115g,504,11.8,21.3,13.8,0,66.2,,5.3,2637
BP_471493,0,0,0,0,0,0,,0,0.2,,,,,,,,,,
BP_471504,,,,,,,,,,95 g,420,7.5,18.7,0.9,0,56.6,1.2,2.4,1275
BP_471793,158,16.2,6.7,1.5,0,8.2,,8.1,704,,,,,,,,,,
BP_472069,384,4.8,19.9,10.2,0,46.3,4.9,10.8,15,60g,230,2.9,11.9,6.1,0,27.8,2.9,6.5,4
BP_472070,404,7.4,21.5,10.9,0,45.2,5.2,10.7,15,60g,242,4.4,12.9,6.5,0,27.19,3.1,6.4,4
BP_472235,63,1.6,2.1,0.3,0,8.2,,4.8,360,,,,,,,,,,
BP_472642,,,,,,,,,,60g,134,4.2,6.2,2.1,0,17.4,2,13.4,2580
BP_472828,,,,,,,,,,10g,58,1.6,5.5,0.9,0,0.5,,0.5,157
BP_472859,200,10.3,5.2,0.8,0,25.9,,11.1,4213,,,,,,,,,,
BP_472861,,,,,,,,,,15ml,43,0,0,0,0,10.8,,10.8,7.9
BP_472991,354,6.1,0.8,0.3,0,81.1,0,0,0,,,,,,,,,,
BP_472992,340,6.8,3.3,0.8,0,76.4,5.6,0.5,0,,,,,,,,,,
BP_473449,,,,,,,,,,71g,339,7.1,18,7.49,0.05,37.1,,1.5,1693
BP_474530,,,,,,,,,,,,,,,,,,,
BP_474579,,,,,,,,,,16.5g,40,0.8,2.7,0.3,0,3.4,0.4,1.5,387
BP_474585,,,,,,,,,,18g,48,0.4,3.2,0.3,0,4.6,0.3,4,484
BP_475369,473,6.9,46,6.7,0,6.1,,1.7,40,,,,,,,,,,
BP_475381,371,14,3.7,1.1,0,69,3.5,2.5,0,,,,,,,,,,
BP_475386,72,1.5,5.6,0.6,0,1.7,4.7,0.1,960,,,,,,,,,,
BP_475387,204,4.6,15,1.6,0,7.2,13,6.1,1200,,,,,,,,,,
BP_475390,824,0,91,13,0,0,,0,0,,,,,,,,,,
BP_475394,250,0.2,0,0,0,55,,0.2,0,,,,,,,,,,
BP_475395,191,1.3,20,2.5,0,0.6,6.3,0,1168,,,,,,,,,,
BP_475396,145,1.3,14.6,2.3,0,0,4,0,1340,,,,,,,,,,
BP_475403,53,0,0,0,0,0.7,0,0,49,,,,,,,,,,
BP_476755,,,,,,,,,,2 g,10,0.4,0.9,0.1,0,0.5,0,0,30
BP_476757,,,,,,,,,,2 g,10,0.4,0.8,0.1,0,0.7,0,0,25
BP_476785,354,6.5,1.1,0,0,78.4,,0,0,,,,,,,,,,
BP_476876,31,1.1,0,0,0,7.8,1.1,5.4,95,,,,,,,,,,
BP_476877,36,1.3,0,0,0,8.7,1.1,6.4,122,,,,,,,,,,
BP_476914,,,,,,,,,,20g,14.8,0,0,0,0,3.7,,3.1,14
BP_476957,320,7.12,0.12,0.12,0,72.7,,55.6,11.2,,,,,,,,,,
BP_477383,284,9.2,4.7,1.7,0,50.6,,10.6,291,50g,142,4.6,2.4,0.9,0,25.3,,5.3,146
BP_477519,48,0,0,0,0,12,,11,0,,,,,,,,,,
BP_477893,47,2.6,0,0,0,9,,9,1520,,,,,,,,,,
BP_478142,356,6.1,0.9,0.29,0,77.1,,0.12,1,,,,,,,,,,
BP_478143,356,6.1,0.9,0.29,0,77.1,,0.12,1,,,,,,,,,,
BP_478235,,,,,,,,,,5g,12,0.3,0.2,0.1,0,2.3,,0.6,795
BP_478236,,,,,,,,,,5g,12,0.3,0.2,0.1,0,2.3,,0.6,795
BP_478240,,,,,,,,,,10 g,20,0.1,0.2,0,0,4.4,,4.2,189
BP_478807,,,,,,,,,,22 g,95,1.2,2.9,1.5,0,16,1.1,4.8,240
BP_478970,,,,,,,,,,,,,,,,,,,
BP_479413,0,0,0,0,0,0,0,0,39122,,,,,,,,,,
BP_479415,312,13,16.8,2.2,0,55,27.8,7.2,33,,,,,,,,,,
BP_479418,355,6.5,0.5,0,0,81.2,0,0,0,,,,,,,,,,
BP_480937,0,0,0,0,0,0,,0,5,,,,,,,,,,
BP_481004,358,5.9,1.1,0,10,82.2,1,0,0,,,,,,,,,,
BP_481173,,,,,,,,,,,,,,,,,,,
BP_481181,,,,,,,,,,20.7g,36,0,0,0,0,8.9,0,7.9,828
BP_482199,,,,,,,,,,,,,,,,,,,
BP_483128,,,,,,,,,,1g,3,0,0.1,0.1,0,0.4,0,0.3,144
BP_483310,,,,,,,,,,150g,42,0,0,0,0,13.2,5,7.8,79
BP_483358,0,0,0,0,0,0,,0,1.3,,,,,,,,,,
BP_483512,614,7.3,44.9,21.4,0.2,45.2,,30,45,,,,,,,,,,
BP_484064,360,6.61,0.58,0,0,79.34,,0.3,0,,,,,,,,,,
BP_484065,360,6.61,0.58,0,0,79.34,,0.3,0,,,,,,,,,,
BP_484312,,,,,,,,,,100 g,355,5.9,0.3,0.2,0,82.3,2.1,0,1.5
BP_485144,18,0,0,0,0,4.6,,3.2,21,,,,,,,,,,
BP_485872,,,,,,,,,,30g,100,4,0,0,0,22,4,0,10
BP_486015,,,,,,,,,,1g,2.59,0.21,0.008,0.008,0,0.42,,0,0.37
BP_486236,180,9.8,7.5,2.8,0,18.3,,0.5,601,,,,,,,,,,
BP_486254,354,4.4,0.4,0,0,83.1,,67.3,26,,,,,,,,,,
BP_486726,252,0,0,0,0,62.1,,15,21,,,,,,,,,,
BP_486727,252,0,0,0,0,62.1,,58.9,21,,,,,,,,,,
BP_486728,,,,,,,,,,15ml,2,0,0,0,0,0,,0,10
BP_486729,,,,,,,,,,15ml,7,0.3,0,0,0,0.7,,0.1,139
BP_487772,400,0.2,0,0,0,100,,100,0,,,,,,,,,,
BP_488184,254,11.8,1.4,0,0,48.5,,0,7,,,,,,,,,,
BP_488186,225,12.3,1.3,0,0,40.9,,0,7,,,,,,,,,,
BP_488187,154,9.9,1.5,0,0,25.3,,0,0,,,,,,,,,,
BP_488739,303,6,4.9,1.8,0,57.7,,33,209,,,,,,,,,,
BP_488766,0,0,0,0,0,0,,0,39200,,,,,,,,,,
BP_488805,,,,,,,,,,90.5g,315,11.5,6.9,3.2,0,51.7,,12.6,1584
BP_490052,109,24,1,0,0,0,0,0,162,,,,,,,,,,
BP_490053,161,24,7,1.8,0,0,0,0,480,,,,,,,,,,
BP_490381,,,,,,,,,,16g,5,0,0,0,0,1,0,1,190
BP_490647,351,12.9,1.4,0.4,0,74.5,2.9,2,0,,,,,,,,,,
BP_490648,353,13.1,1.6,0.4,0,74.8,3.2,1.9,0,,,,,,,,,,
BP_490650,387,12.7,1.6,0.4,0,83.8,3.4,1.9,0,,,,,,,,,,
BP_490654,40,2,3.3,0.6,0,0.7,0,0,757,,,,,,,,,,
BP_490655,54,1.8,4.7,1.1,0,1.2,0,0.4,735,,,,,,,,,,
BP_490656,341,19.1,25,1.1,0,38.4,28.6,3.1,218,,,,,,,,,,
BP_490657,354,0.7,0.4,0,0,87,0,0,13,,,,,,,,,,
BP_490685,161,24,7,1.8,0,0,0,0,480,,,,,,,,,,
BP_490720,42,0,0,0,0,10.3,0,10,8,,,,,,,,,,
BP_490731,15,0.7,0.8,0,0,1.2,,0,465,250 毫升 ml,37,1.8,2,0,0,3,,0,1163
BP_490967,104,2.8,5.4,1.1,0,11.1,,7.2,295,,,,,,,,,,
BP_491516,30,2.8,0.8,0.1,0,1.6,2.7,1.5,140,,,,,,,,,,
BP_491782,44,1,1.5,0,0,6.7,0,2.1,258,190g,84,1.9,2.9,0.9,0,12.7,1.3,4,490
BP_491783,51,0.9,2.3,1,0,6.6,0,3.5,263,190g,97,1.7,4.4,1.8,0,12.5,0,6.7,500
BP_491784,50,0.9,2.1,1,0,7,0,2.6,192,190g,95,1.7,4,1.9,0,13.3,0,4.9,365
BP_491785,64,2.4,0.7,0.2,0,8.6,3.4,2.9,181,130g,83,3.1,0.9,0.3,0,11.2,4.4,3.8,235
BP_492144,,,,,,,,,,10 g,73,1.6,7.2,1.2,0.2,0.4,,0.1,16
BP_492156,30,0,0,0,0,7.4,,7.4,8,,,,,,,,,,
BP_492166,,,,,,,,,,134 g,575,11.5,18,9,0,90.5,,8,1780
BP_492308,,,,,,,,,,10 ml,12,0.9,0,0,0,2,,2,527
BP_492385,,,,,,,,,,108g,485,10.8,21.3,9.5,0,62.6,,4.6,1490
BP_492398,57,1.7,0,0,0,13.3,,11.4,6336,5ml,3,0.1,0,0,0,0.7,,0.6,317
BP_492619,,,,,,,,,,135g,435,11,18,7,0,57,,5,1770
BP_492638,,,,,,,,,,79g,205,4,1.8,0.5,0,43,,3,340
BP_492645,0,0,0,0,0,0,,0,0.65,,,,,,,,,,
BP_492717,43,3.6,2.4,0.4,0,1.7,,0.9,10,,,,,,,,,,
BP_492940,,,,,,,,,,,,,,,,,,,
BP_493590,490,9.7,22.8,12.3,0,61.6,,2.7,1500,,,,,,,,,,
BP_493724,394,0,0,0,0,98.3,,95.1,3,,,,,,,,,,
BP_493897,,,,,,,,,,100g,246,11,20,7.7,0,5.5,,0,808
BP_494014,,,,,,,,,,200 g,47,1.6,0,0,0,10.2,,6.4,1180
BP_494015,,,,,,,,,,200 g,104,3.8,6,4.2,0,8.6,,5.4,1580
BP_494016,,,,,,,,,,200 g,63,1.6,3.6,0.8,0,6,,2,1320
BP_494017,,,,,,,,,,200g,203,5,9.6,1.8,0,24.2,,16.8,2080
BP_494594,360,0.5,0.4,0,0,88.5,0,0,0,,,,,,,,,,
BP_494595,364,7.4,1.6,0.5,0,80.3,0,0,10,,,,,,,,,,
BP_494596,364,7,1.1,0.3,0,81.8,0,0,9,,,,,,,,,,
BP_494598,400,0,0,0,0,100,0,100,0,,,,,,,,,,
BP_494599,400,0,0,0,0,100,0,100,0,,,,,,,,,,
BP_494600,400,0,0,0,0,100,0,100,0,,,,,,,,,,
BP_494601,0,0,0,0,0,0,0,0,29711,,,,,,,,,,
BP_495044,,,,,,,,,,123g,45,1,0,0,0,11,2,10,290
BP_495101,342,7,1.3,0,0,76.4,,0,13,,,,,,,,,,
BP_495820,,,,,,,,,,240ml,80,0,0,0,0,19.9,0,19.2,44
BP_495909,365,4.4,22,10,,36,,27,,50 g,183,2.2,11,5,,18,,14,
BP_496031,507,11.4,25.7,7.1,0.1,57.9,,1.1,514,,,,,,,,,,
BP_496039,822,0,91.3,13.9,0,0,,0,0,15 ml,,,,,,,,,
BP_496040,822,0,91.3,15.5,0,0,,0,0,,,,,,,,,,
BP_496537,498,5.5,21.5,12.5,1,70.5,,36,591,,,,,,,,,,
BP_496556,156,3,0.6,0,0,34.7,,0,0,,,,,,,,,,
BP_496670,353,11.3,2,0.4,0,75,2.6,2.8,0,,,,,,,,,,
BP_496859,55,0.1,0,0,0,13.7,,12.2,2,,,,,,,,,,
BP_497085,356,8.6,0,0,0,76.8,,0,0,,,,,,,,,,
BP_497086,350,8.3,0.8,0.6,0,76.1,,0,0,,,,,,,,,,
BP_497190,,,,,,,,,,,,,,,,,,,
BP_497260,,,,,,,,,,150g,485,9,20,11,0,67,,2,1870
BP_497274,395,4.6,23,5,0,42,,12,170,,,,,,,,,,
BP_497409,29,0,0,0,0,6.3,,6.2,3,,,,,,,,,,
BP_497411,29,0,0,0,0,6.3,,6.2,3,,,,,,,,,,
BP_497438,33,4.4,0,0,0,3.9,0,2.4,570,,,,,,,,,,
BP_497447,33,4.4,0,0,0,3.9,0,2.4,570,,,,,,,,,,
BP_497919,0,0,0,0,0,0,0,0,38750,5g,0,0,0,0,0,0,0,0,1938
BP_497959,200,7.2,11.4,3.8,0,17.1,,2.4,227,,,,,,,,,,
BP_498066,,,,,,,,,,78g,282,9.2,6.3,2,0,47,,4.4,1817
BP_498935,,,,,,,,,,2.5g,3,0,0.1,0.1,0,0.4,0,0.4,199
BP_498938,,,,,,,,,,100 克 g,111,7.7,8.4,1.4,0,1,,1,36
BP_499107,15,0,0,0,0,3.6,,2.4,32,,,,,,,,,,
BP_499776,286,2.6,19.6,8.8,0,24.7,9.7,13.8,2440,200g,572,5.2,39.2,17.6,0,49.4,19.4,27.6,4880
BP_499777,,,,,,,,,,35g,20,0.6,0.7,0.2,0,2.8,1.7,0.9,658
BP_499832,,,,,,,,,,115g,445,12,15,8,0,65,,2,1800
BP_499857,,,,,,,,,,30 g,23,0.5,0,0,0,5.3,,4.5,435
BP_499953,358,6.1,0.9,0.29,0,77.6,,0.12,1,,,,,,,,,,
BP_59584,,,,,,,,,,,120,17,3,0.5,0,5,0,0,400
BP_67748,96,14.6,1.1,0,0,7,,1.5,295,,,,,,,,,,
BP_68320,291,10,7.2,1.8,0,48,1.5,12.8,231,,,,,,,,,,
BP_68321,279,10.1,6.2,3.6,0,48.5,2.9,14.3,301,,,,,,,,,,
BP_68322,268,11.9,5.5,2.2,0,46.1,3.4,3.7,400,,,,,,,,,,
BP_68360,280,9.9,7.7,5.8,0,45.3,2.5,9.9,288,,,,,,,,,,
BP_68364,262,9.9,3.6,0.6,0,49.7,2.1,2.9,471,,,,,,,,,,
BP_68366,286,9.2,5.8,2.3,0,52.6,3.3,9.1,439,,,,,,,,,,
BP_69878,333,19,1.2,0,0,63.1,,0,30,,,,,,,,,,
BP_69886,341,21.6,1.42,0.37,0,62.3,,2.25,5,,,,,,,,,,
BP_69926,285,10.6,1.2,0,0,74.5,,34.2,15,,,,,,,,,,
BP_70013,344,23.4,0.5,0.1,0,63.2,,0,11,,,,,,,,,,
BP_70045,678,17,64,5.3,0,14.2,,2.7,2.5,,,,,,,,,,
BP_70069,321,8.9,2.9,0,0,52.5,,0,0,,,,,,,,,,
BP_70149,94,2.3,7.6,3.8,0,3.7,,0.8,163,,,,,,,,,,
BP_70172,91,3.8,6.5,6,0,4.3,,0,203,,,,,,,,,,
BP_71302,63,6.5,3.3,1,0,1.7,,1.7,187,,,,,,,,,,
BP_71316,39,3.1,1.4,0,0,3.3,,2,174,,,,,,,,,,
BP_71324,39,3.1,1.4,0,0,3.3,,2,174,,,,,,,,,,
BP_802532,,,,,,,,,,30 g,111,6.7,0.9,0.6,0,19.1,,10.9,78
BP_807848,,,,,,,,,,35 克 g,146,9.8,4.6,1.4,0,16.4,,14.7,109
BP_83422,,,,,,,,,,45g,72,4.4,3.5,1.2,0,5.7,,2,409
BP_83711,16,1.3,0,0,0,2.2,,1.1,194,,,,,,,,,,
BP_83824,31,5,0.6,0,0,1.5,,0.7,0,,,,,,,,,,
BP_83827,355,15.2,5.8,1,0,64.9,,0.7,0,,,,,,,,,,
BP_83835,312,19.2,0.6,0,0,55.2,,0,0,,,,,,,,,,
BP_83842,678,14,64,5.4,0,14.7,,2.7,3.5,,,,,,,,,,
BP_83846,314,22.5,1.06,0,0,54.2,,2.1,0.4,,,,,,,,,,
BP_83849,362,5.3,2.9,0.8,0,78.7,,35.4,8,,,,,,,,,,
BP_83850,77,2.3,4.2,2.9,0,7.3,,3.5,299,,,,,,,,,,
BP_83852,56,2.9,3.9,2.8,0,1.9,,1.9,153,,,,,,,,,,
BP_83854,72,3.1,6.6,4,0,0,,0,182,,,,,,,,,,
BP_83857,99,4.2,7.3,4.3,0,4,,1.2,261,,,,,,,,,,